id,prod,age,Sum Assured,Term,Term_if,Premium,sex,spc,prem_esc,sa_esc,esc_m,units_1,units_99,alloc_1,alloc_99,proj_max
1,1,58,1312000,0,24,1629.440193,1,10,0,0,2,0,0,0,0,0
2,1,41,1425000,0,72,462.0605697,0,10,0,0,10,0,0,0,0,0
3,1,36,700000,0,180,180.4142278,1,10,0,0,11,0,0,0,0,0
4,1,56,1582000,0,252,504.6228177,0,10,0,0,6,0,0,0,0,0
5,1,56,1004000,0,96,724.2826799,0,10,0,0,9,0,0,0,0,0
6,1,62,742000,0,192,490.6375614,1,10,0,0,2,0,0,0,0,0
7,1,43,1057000,0,228,246.2456852,0,10,0,0,4,0,0,0,0,0
8,1,56,686000,0,96,516.9688162,1,10,0,0,5,0,0,0,0,0
9,1,41,913000,0,132,264.9629661,1,10,0,0,6,0,0,0,0,0
10,1,58,698000,0,96,592.5461826,1,10,0,0,7,0,0,0,0,0
11,1,61,899000,0,108,853.1444489,1,10,0,0,3,0,0,0,0,0
12,1,55,995000,0,120,595.9140678,0,10,0,0,6,0,0,0,0,0
13,1,35,1337000,0,84,327.2401221,1,10,0,0,11,0,0,0,0,0
14,1,25,653000,0,48,173.7164973,0,10,0,0,12,0,0,0,0,0
15,1,54,1020000,0,120,573.0609632,0,10,0,0,1,0,0,0,0,0
16,1,48,773000,0,84,381.8523,0,10,0,0,9,0,0,0,0,0
17,1,30,1619000,0,108,311.376236,0,10,0,0,2,0,0,0,0,0
18,1,72,401000,0,192,543.6453617,0,10,0,0,1,0,0,0,0,0
19,1,55,978000,0,204,394.4219185,0,10,0,0,2,0,0,0,0,0
20,1,58,757000,0,48,838.8833907,0,10,0,0,8,0,0,0,0,0
21,1,58,778000,0,204,383.8492634,0,10,0,0,8,0,0,0,0,0
22,1,58,1053000,0,108,805.9044665,1,10,0,0,5,0,0,0,0,0
23,1,41,1609000,0,120,424.9013974,0,10,0,0,11,0,0,0,0,0
24,1,42,689000,0,108,242.6664406,0,10,0,0,12,0,0,0,0,0
25,1,67,1467000,0,156,1563.118185,1,10,0,0,6,0,0,0,0,0
26,1,67,937000,0,156,1022.492212,0,10,0,0,10,0,0,0,0,0
27,1,43,1239000,0,144,344.9751302,0,10,0,0,12,0,0,0,0,0
28,1,39,1278000,0,96,353.3997908,0,10,0,0,10,0,0,0,0,0
29,1,69,755000,0,228,635.3218074,1,10,0,0,5,0,0,0,0,0
30,1,46,813000,0,96,340.4423099,0,10,0,0,3,0,0,0,0,0
31,1,31,1005000,0,120,223.878224,0,10,0,0,8,0,0,0,0,0
32,1,42,1289000,0,228,275.9663259,0,10,0,0,10,0,0,0,0,0
33,1,44,1021000,0,84,388.187451,0,10,0,0,11,0,0,0,0,0
34,1,55,1177000,0,132,650.2297021,0,10,0,0,11,0,0,0,0,0
35,1,66,672000,0,156,701.5164948,0,10,0,0,2,0,0,0,0,0
36,1,64,1387000,0,228,802.6250498,0,10,0,0,1,0,0,0,0,0
37,1,59,893000,0,216,429.7794204,0,10,0,0,7,0,0,0,0,0
38,1,50,475000,0,192,197.4850565,1,10,0,0,10,0,0,0,0,0
39,1,48,604000,0,144,249.4010073,1,10,0,0,12,0,0,0,0,0
40,1,58,1080000,0,228,451.2261629,0,10,0,0,12,0,0,0,0,0
41,1,48,748000,0,132,304.4201785,0,10,0,0,1,0,0,0,0,0
42,1,69,808000,0,108,1380.009612,1,10,0,0,2,0,0,0,0,0
43,1,64,1414000,0,48,2367.187379,1,10,0,0,12,0,0,0,0,0
44,1,37,765000,0,96,227.3589814,0,10,0,0,9,0,0,0,0,0
45,1,58,947000,0,192,477.6929803,1,10,0,0,12,0,0,0,0,0
46,1,59,1009000,0,156,641.7335305,0,10,0,0,2,0,0,0,0,0
47,1,59,478000,0,252,230.8473469,0,10,0,0,5,0,0,0,0,0
48,1,64,1148000,0,216,720.3939788,1,10,0,0,12,0,0,0,0,0
49,1,71,842000,0,132,1435.395823,1,10,0,0,4,0,0,0,0,0
50,1,33,742000,0,96,200.8548015,0,10,0,0,5,0,0,0,0,0
51,1,46,670000,0,204,208.8196024,1,10,0,0,7,0,0,0,0,0
52,1,72,845000,0,144,1440.282842,1,10,0,0,10,0,0,0,0,0
53,1,36,772000,0,180,190.674581,1,10,0,0,5,0,0,0,0,0
54,1,71,1443000,0,132,2414.428559,0,10,0,0,3,0,0,0,0,0
55,1,45,1203000,0,204,302.3026469,0,10,0,0,10,0,0,0,0,0
56,1,63,760000,0,180,565.211665,1,10,0,0,11,0,0,0,0,0
57,1,61,1073000,0,168,721.983592,1,10,0,0,2,0,0,0,0,0
58,1,60,819000,0,144,603.675558,1,10,0,0,9,0,0,0,0,0
59,1,49,702000,0,132,304.128755,1,10,0,0,3,0,0,0,0,0
60,1,56,1237000,0,132,723.5264597,1,10,0,0,1,0,0,0,0,0
61,1,58,878000,0,168,503.2650337,1,10,0,0,11,0,0,0,0,0
62,1,38,924000,0,132,243.1292446,0,10,0,0,4,0,0,0,0,0
63,1,56,501000,0,132,335.4160445,1,10,0,0,8,0,0,0,0,0
64,1,34,824000,0,156,198.0848361,1,10,0,0,6,0,0,0,0,0
65,1,64,1366000,0,168,1093.846488,1,10,0,0,7,0,0,0,0,0
66,1,26,1565000,0,48,310.4034568,0,10,0,0,7,0,0,0,0,0
67,1,42,664000,0,180,196.8810025,0,10,0,0,4,0,0,0,0,0
68,1,47,705000,0,132,278.5089472,1,10,0,0,2,0,0,0,0,0
69,1,57,763000,0,96,603.0246085,0,10,0,0,12,0,0,0,0,0
70,1,47,850000,0,120,335.7178407,1,10,0,0,1,0,0,0,0,0
71,1,69,1396000,0,228,1116.359974,0,10,0,0,6,0,0,0,0,0
72,1,32,1131000,0,84,264.5097203,0,10,0,0,6,0,0,0,0,0
73,1,28,1138000,0,60,253.0175611,0,10,0,0,12,0,0,0,0,0
74,1,58,1152000,0,84,1002.280196,0,10,0,0,10,0,0,0,0,0
75,1,50,1056000,0,156,398.9268449,1,10,0,0,9,0,0,0,0,0
76,1,37,972000,0,144,238.4913858,1,10,0,0,11,0,0,0,0,0
77,1,39,759000,0,108,233.3770623,1,10,0,0,2,0,0,0,0,0
78,1,65,1111000,0,228,699.4555861,1,10,0,0,6,0,0,0,0,0
79,1,56,1015000,0,48,954.4897842,0,10,0,0,5,0,0,0,0,0
80,1,40,1015000,0,192,239.6301758,0,10,0,0,1,0,0,0,0,0
81,1,40,652000,0,228,173.5739924,1,10,0,0,8,0,0,0,0,0
82,1,46,1483000,0,144,454.9579856,0,10,0,0,12,0,0,0,0,0
83,1,33,1014000,0,24,296.371319,1,10,0,0,7,0,0,0,0,0
84,1,47,459000,0,192,176.4819182,1,10,0,0,5,0,0,0,0,0
85,1,47,700000,0,204,221.2759693,0,10,0,0,12,0,0,0,0,0
86,1,29,782000,0,96,192.0996301,0,10,0,0,5,0,0,0,0,0
87,1,56,1216000,0,144,669.3990067,1,10,0,0,2,0,0,0,0,0
88,1,49,641000,0,84,346.8157148,1,10,0,0,11,0,0,0,0,0
89,1,53,998000,0,0,1009.22996,1,10,0,0,2,0,0,0,0,0
90,1,63,753000,0,144,678.7669236,1,10,0,0,11,0,0,0,0,0
91,1,56,479000,0,120,341.8052024,0,10,0,0,2,0,0,0,0,0
92,1,53,771000,0,60,572.3828993,1,10,0,0,5,0,0,0,0,0
93,1,59,1304000,0,180,712.6528222,1,10,0,0,1,0,0,0,0,0
94,1,37,920000,0,60,286.6910013,0,10,0,0,6,0,0,0,0,0
95,1,41,735000,0,96,253.7565264,1,10,0,0,1,0,0,0,0,0
96,1,44,789000,0,60,349.5922678,1,10,0,0,12,0,0,0,0,0
97,1,58,1489000,0,156,856.412091,1,10,0,0,10,0,0,0,0,0
98,1,49,1103000,0,144,413.3483167,1,10,0,0,4,0,0,0,0,0
99,1,45,1527000,0,192,376.0643164,0,10,0,0,11,0,0,0,0,0
100,1,51,662000,0,252,213.482045,1,10,0,0,6,0,0,0,0,0
101,1,47,828000,0,108,345.349547,1,10,0,0,7,0,0,0,0,0
102,1,36,700000,0,120,198.3937983,1,10,0,0,6,0,0,0,0,0
103,1,31,683000,0,120,177.9916444,1,10,0,0,8,0,0,0,0,0
104,1,32,1086000,0,60,271.9454569,1,10,0,0,5,0,0,0,0,0
105,1,59,1186000,0,156,741.898274,1,10,0,0,11,0,0,0,0,0
106,1,70,1193000,0,120,2007.177005,0,10,0,0,5,0,0,0,0,0
107,1,43,904000,0,96,320.8189696,0,10,0,0,10,0,0,0,0,0
108,1,62,908000,0,276,391.153895,0,10,0,0,7,0,0,0,0,0
109,1,50,994000,0,120,444.6329268,1,10,0,0,11,0,0,0,0,0
110,1,40,996000,0,156,255.9364501,0,10,0,0,8,0,0,0,0,0
111,1,55,623000,0,264,226.7545782,1,10,0,0,6,0,0,0,0,0
112,1,29,1250000,0,48,283.9825617,0,10,0,0,6,0,0,0,0,0
113,1,56,596000,0,168,327.5690582,1,10,0,0,7,0,0,0,0,0
114,1,25,1205000,0,48,252.3792051,0,10,0,0,8,0,0,0,0,0
115,1,50,1316000,0,300,294.7826251,1,10,0,0,7,0,0,0,0,0
116,1,41,1497000,0,108,418.2365666,0,10,0,0,2,0,0,0,0,0
117,1,43,683000,0,180,205.530355,1,10,0,0,5,0,0,0,0,0
118,1,52,1175000,0,216,376.2857017,1,10,0,0,9,0,0,0,0,0
119,1,34,1011000,0,36,295.7232682,1,10,0,0,11,0,0,0,0,0
120,1,41,644000,0,156,198.2724331,0,10,0,0,4,0,0,0,0,0
121,1,52,1136000,0,228,350.4331446,1,10,0,0,1,0,0,0,0,0
122,1,49,984000,0,168,342.5067393,1,10,0,0,9,0,0,0,0,0
123,1,49,669000,0,96,340.3154624,0,10,0,0,4,0,0,0,0,0
124,1,53,1169000,0,24,1016.06397,0,10,0,0,10,0,0,0,0,0
125,1,55,1103000,0,108,694.928366,0,10,0,0,1,0,0,0,0,0
126,1,66,904000,0,132,1062.895963,0,10,0,0,1,0,0,0,0,0
127,1,38,850000,0,204,201.7899637,0,10,0,0,2,0,0,0,0,0
128,1,56,1208000,0,36,1207.45029,0,10,0,0,2,0,0,0,0,0
129,1,45,1035000,0,216,262.8736864,0,10,0,0,4,0,0,0,0,0
130,1,71,1234000,0,204,1325.446767,1,10,0,0,4,0,0,0,0,0
131,1,74,1239000,0,168,2082.111291,1,10,0,0,6,0,0,0,0,0
132,1,51,932000,0,168,360.8787065,0,10,0,0,12,0,0,0,0,0
133,1,49,728000,0,144,298.283382,1,10,0,0,3,0,0,0,0,0
134,1,31,1102000,0,120,237.7011999,0,10,0,0,12,0,0,0,0,0
135,1,44,868000,0,132,285.8213399,0,10,0,0,10,0,0,0,0,0
136,1,44,657000,0,132,234.9515982,1,10,0,0,10,0,0,0,0,0
137,1,35,1378000,0,168,277.0325538,0,10,0,0,5,0,0,0,0,0
138,1,68,960000,0,96,1627.618556,0,10,0,0,11,0,0,0,0,0
139,1,62,541000,0,168,422.4389099,0,10,0,0,1,0,0,0,0,0
140,1,59,1011000,0,156,642.8653355,1,10,0,0,2,0,0,0,0,0
141,1,57,654000,0,144,416.0966064,0,10,0,0,2,0,0,0,0,0
142,1,59,876000,0,84,833.0501152,0,10,0,0,8,0,0,0,0,0
143,1,53,974000,0,120,518.6342575,0,10,0,0,5,0,0,0,0,0
144,1,42,834000,0,96,289.1842446,0,10,0,0,5,0,0,0,0,0
145,1,67,1096000,0,144,1274.582807,0,10,0,0,8,0,0,0,0,0
146,1,55,959000,0,120,576.9304061,0,10,0,0,3,0,0,0,0,0
147,1,29,594000,0,96,165.3087078,1,10,0,0,4,0,0,0,0,0
148,1,68,1536000,0,96,2565.926137,0,10,0,0,10,0,0,0,0,0
149,1,53,1166000,0,180,455.9259575,0,10,0,0,11,0,0,0,0,0
150,1,29,1413000,0,96,282.0202255,0,10,0,0,7,0,0,0,0,0
151,1,40,1002000,0,108,293.7791158,0,10,0,0,6,0,0,0,0,0
152,1,54,1219000,0,168,528.6240796,0,10,0,0,12,0,0,0,0,0
153,1,70,1285000,0,264,907.4751192,0,10,0,0,10,0,0,0,0,0
154,1,44,503000,0,180,176.2293256,1,10,0,0,10,0,0,0,0,0
155,1,66,766000,0,144,848.0638318,1,10,0,0,8,0,0,0,0,0
156,1,47,1141000,0,192,323.8054702,0,10,0,0,2,0,0,0,0,0
157,1,35,835000,0,84,233.8176403,0,10,0,0,6,0,0,0,0,0
158,1,71,1078000,0,216,1084.742467,0,10,0,0,3,0,0,0,0,0
159,1,60,413000,0,252,218.271496,1,10,0,0,5,0,0,0,0,0
160,1,46,622000,0,156,226.5134894,1,10,0,0,12,0,0,0,0,0
161,1,69,899000,0,108,1528.249177,0,10,0,0,8,0,0,0,0,0
162,1,60,1001000,0,228,472.9138287,0,10,0,0,10,0,0,0,0,0
163,1,61,936000,0,216,501.2163994,0,10,0,0,11,0,0,0,0,0
164,1,41,897000,0,120,271.0973372,0,10,0,0,1,0,0,0,0,0
165,1,43,831000,0,36,383.7860028,1,10,0,0,12,0,0,0,0,0
166,1,43,881000,0,180,242.3782661,0,10,0,0,2,0,0,0,0,0
167,1,71,1025000,0,132,1733.503961,0,10,0,0,10,0,0,0,0,0
168,1,56,1278000,0,72,1027.806926,1,10,0,0,2,0,0,0,0,0
169,1,55,778000,0,168,383.8492634,0,10,0,0,8,0,0,0,0,0
170,1,32,857000,0,132,202.787498,1,10,0,0,3,0,0,0,0,0
171,1,35,836000,0,168,199.794895,0,10,0,0,3,0,0,0,0,0
172,1,42,954000,0,144,273.3722002,1,10,0,0,11,0,0,0,0,0
173,1,47,1263000,0,144,418.1428361,1,10,0,0,10,0,0,0,0,0
174,1,68,1095000,0,144,1370.804102,0,10,0,0,1,0,0,0,0,0
175,1,66,585000,0,192,507.7453825,0,10,0,0,8,0,0,0,0,0
176,1,42,809000,0,120,261.3850086,1,10,0,0,10,0,0,0,0,0
177,1,43,981000,0,132,300.5978981,0,10,0,0,6,0,0,0,0,0
178,1,42,1028000,0,48,410.7793757,1,10,0,0,7,0,0,0,0,0
179,1,66,1056000,0,216,758.1830602,0,10,0,0,1,0,0,0,0,0
180,1,27,1520000,0,12,338.1291687,0,10,0,0,3,0,0,0,0,0
181,1,64,468000,0,132,508.9596025,0,10,0,0,3,0,0,0,0,0
182,1,53,1068000,0,144,499.6731375,0,10,0,0,2,0,0,0,0,0
183,1,55,939000,0,180,424.1017562,1,10,0,0,2,0,0,0,0,0
184,1,30,984000,0,108,220.885621,0,10,0,0,6,0,0,0,0,0
185,1,54,740000,0,156,368.6723419,1,10,0,0,7,0,0,0,0,0
186,1,43,851000,0,180,236.7952493,1,10,0,0,1,0,0,0,0,0
187,1,53,993000,0,156,444.2596328,1,10,0,0,9,0,0,0,0,0
188,1,40,710000,0,84,247.7293058,1,10,0,0,3,0,0,0,0,0
189,1,35,732000,0,108,203.8468859,0,10,0,0,12,0,0,0,0,0
190,1,47,1498000,0,156,458.789428,0,10,0,0,6,0,0,0,0,0
191,1,30,1262000,0,108,260.5019848,0,10,0,0,11,0,0,0,0,0
192,1,59,770000,0,180,450.1808056,1,10,0,0,6,0,0,0,0,0
193,1,62,495000,0,84,611.9588834,0,10,0,0,1,0,0,0,0,0
194,1,50,1035000,0,132,435.5095812,0,10,0,0,1,0,0,0,0,0
195,1,29,679000,0,96,177.4216248,1,10,0,0,6,0,0,0,0,0
196,1,35,774000,0,168,190.9595908,1,10,0,0,8,0,0,0,0,0
197,1,61,1204000,0,144,911.5419098,1,10,0,0,11,0,0,0,0,0
198,1,35,701000,0,144,186.602924,0,10,0,0,6,0,0,0,0,0
199,1,71,909000,0,132,1544.539239,1,10,0,0,3,0,0,0,0,0
200,1,60,581000,0,24,874.2140133,0,10,0,0,4,0,0,0,0,0
201,1,67,932000,0,204,768.1513793,1,10,0,0,8,0,0,0,0,0
202,1,51,1019000,0,168,387.5737713,0,10,0,0,3,0,0,0,0,0
203,1,50,1353000,0,132,546.5734253,0,10,0,0,8,0,0,0,0,0
204,1,43,890000,0,180,244.0531712,1,10,0,0,7,0,0,0,0,0
205,1,47,899000,0,156,305.7871616,0,10,0,0,5,0,0,0,0,0
206,1,47,748000,0,252,206.5734297,1,10,0,0,12,0,0,0,0,0
207,1,70,1031000,0,120,1743.277998,1,10,0,0,1,0,0,0,0,0
208,1,37,1079000,0,156,249.710952,0,10,0,0,5,0,0,0,0,0
209,1,46,1343000,0,120,462.3789043,1,10,0,0,2,0,0,0,0,0
210,1,37,929000,0,132,237.4174566,0,10,0,0,4,0,0,0,0,0
211,1,35,1228000,0,168,255.656818,1,10,0,0,9,0,0,0,0,0
212,1,55,375000,0,72,331.5853503,0,10,0,0,5,0,0,0,0,0
213,1,53,876000,0,24,778.4965791,0,10,0,0,3,0,0,0,0,0
214,1,57,580000,0,84,503.9931347,0,10,0,0,8,0,0,0,0,0
215,1,55,1125000,0,60,912.988144,1,10,0,0,7,0,0,0,0,0
216,1,68,1208000,0,240,857.2764793,0,10,0,0,8,0,0,0,0,0
217,1,62,1382000,0,108,1371.689993,1,10,0,0,6,0,0,0,0,0
218,1,26,744000,0,60,186.6844437,0,10,0,0,2,0,0,0,0,0
219,1,66,695000,0,204,555.4527798,1,10,0,0,4,0,0,0,0,0
220,1,30,1164000,0,108,246.536504,1,10,0,0,2,0,0,0,0,0
221,1,30,1184000,0,108,249.3866021,1,10,0,0,5,0,0,0,0,0
222,1,46,1464000,0,108,524.1174939,1,10,0,0,5,0,0,0,0,0
223,1,51,722000,0,108,381.4596969,1,10,0,0,1,0,0,0,0,0
224,1,47,1254000,0,168,378.8816257,1,10,0,0,7,0,0,0,0,0
225,1,59,821000,0,240,360.7685036,1,10,0,0,7,0,0,0,0,0
226,1,61,968000,0,180,618.5315278,1,10,0,0,6,0,0,0,0,0
227,1,48,1096000,0,168,356.1067718,0,10,0,0,9,0,0,0,0,0
228,1,62,719000,0,96,800.1215285,0,10,0,0,7,0,0,0,0,0
229,1,39,702000,0,60,255.4675515,0,10,0,0,6,0,0,0,0,0
230,1,50,1718000,0,192,514.9839165,0,10,0,0,8,0,0,0,0,0
231,1,40,1257000,0,48,437.5939258,0,10,0,0,5,0,0,0,0,0
232,1,50,1476000,0,156,527.7995718,0,10,0,0,3,0,0,0,0,0
233,1,56,1181000,0,72,955.0133193,1,10,0,0,1,0,0,0,0,0
234,1,36,836000,0,180,199.794895,0,10,0,0,2,0,0,0,0,0
235,1,48,918000,0,144,339.8949987,0,10,0,0,7,0,0,0,0,0
236,1,38,885000,0,72,278.7116342,0,10,0,0,1,0,0,0,0,0
237,1,42,718000,0,168,212.0438746,0,10,0,0,6,0,0,0,0,0
238,1,46,1057000,0,96,420.2667009,0,10,0,0,4,0,0,0,0,0
239,1,69,578000,0,108,1005.338182,0,10,0,0,5,0,0,0,0,0
240,1,59,864000,0,48,1018.794537,1,10,0,0,5,0,0,0,0,0
241,1,31,1145000,0,60,274.2257981,0,10,0,0,8,0,0,0,0,0
242,1,72,929000,0,252,821.4695201,1,10,0,0,3,0,0,0,0,0
243,1,52,366000,0,204,174.9687185,1,10,0,0,3,0,0,0,0,0
244,1,41,1041000,0,156,272.154356,1,10,0,0,3,0,0,0,0,0
245,1,50,873000,0,0,723.8748553,0,10,0,0,2,0,0,0,0,0
246,1,29,1234000,0,96,256.5118474,0,10,0,0,9,0,0,0,0,0
247,1,47,646000,0,84,314.7266105,1,10,0,0,12,0,0,0,0,0
248,1,33,1218000,0,144,254.2317689,0,10,0,0,6,0,0,0,0,0
249,1,31,1512000,0,120,296.1282111,0,10,0,0,2,0,0,0,0,0
250,1,31,1338000,0,120,271.3323576,0,10,0,0,12,0,0,0,0,0
1,1,29,20000,0,36,61.37604958,1,11,0,0,5,0,0,0,0,0
2,1,61,20000,0,156,61.79166314,1,11,0,0,12,0,0,0,0,0
3,1,36,20000,0,96,60.96679737,0,11,0,0,11,0,0,0,0,0
4,1,40,27000,0,144,61.91898941,0,11,0,0,6,0,0,0,0,0
5,1,51,20000,0,120,59.91797543,1,11,0,0,8,0,0,0,0,0
6,1,63,20000,0,156,62.83604042,0,11,0,0,4,0,0,0,0,0
7,1,38,25000,0,156,62.16018888,1,11,0,0,10,0,0,0,0,0
8,1,45,24000,0,144,60.90350529,1,11,0,0,7,0,0,0,0,0
9,1,63,20000,0,156,62.83604042,0,11,0,0,10,0,0,0,0,0
10,1,62,20000,0,144,62.83604042,1,11,0,0,12,0,0,0,0,0
11,1,30,20000,0,60,61.59168892,1,11,0,0,8,0,0,0,0,0
12,1,43,26000,0,216,62.27388887,0,11,0,0,5,0,0,0,0,0
13,1,60,21000,0,120,63.53305328,0,11,0,0,12,0,0,0,0,0
14,1,44,20000,0,96,59.85207849,0,11,0,0,8,0,0,0,0,0
15,1,49,28000,0,144,61.85159359,0,11,0,0,6,0,0,0,0,0
16,1,40,20000,0,180,61.59168892,0,11,0,0,7,0,0,0,0,0
17,1,33,20000,0,96,61.59168892,1,11,0,0,10,0,0,0,0,0
18,1,43,20000,0,84,59.85207849,0,11,0,0,12,0,0,0,0,0
19,1,36,20000,0,132,61.59168892,1,11,0,0,5,0,0,0,0,0
20,1,34,20000,0,108,61.59168892,0,11,0,0,2,0,0,0,0,0
21,1,49,20000,0,132,59.78250467,1,11,0,0,5,0,0,0,0,0
22,1,50,20000,0,132,59.79275882,0,11,0,0,11,0,0,0,0,0
23,1,56,20000,0,96,61.79166314,1,11,0,0,9,0,0,0,0,0
24,1,62,20000,0,180,61.36201337,1,11,0,0,12,0,0,0,0,0
25,1,62,25000,0,144,66.32110471,0,11,0,0,10,0,0,0,0,0
26,1,56,25000,0,84,65.51462096,0,11,0,0,9,0,0,0,0,0
27,1,37,20000,0,144,61.59168892,1,11,0,0,12,0,0,0,0,0
28,1,45,20000,0,72,59.79275882,0,11,0,0,2,0,0,0,0,0
29,1,40,20000,0,48,59.85207849,0,11,0,0,9,0,0,0,0,0
30,1,34,23000,0,84,61.55091989,1,11,0,0,2,0,0,0,0,0
31,1,35,20000,0,120,61.59168892,0,11,0,0,5,0,0,0,0,0
32,1,41,22000,0,120,60.76085004,0,11,0,0,8,0,0,0,0,0
33,1,30,20000,0,60,61.59168892,1,11,0,0,9,0,0,0,0,0
34,1,55,20000,0,84,61.79166314,0,11,0,0,11,0,0,0,0,0
35,1,36,20000,0,132,61.59168892,0,11,0,0,10,0,0,0,0,0
36,1,46,20000,0,84,59.79275882,0,11,0,0,3,0,0,0,0,0
37,1,58,20000,0,168,60.41536167,1,11,0,0,6,0,0,0,0,0
38,1,56,20000,0,168,60.03929685,1,11,0,0,3,0,0,0,0,0
39,1,45,20000,0,240,61.59168892,1,11,0,0,8,0,0,0,0,0
40,1,36,20000,0,132,61.59168892,0,11,0,0,2,0,0,0,0,0
41,1,31,20000,0,72,61.59168892,0,11,0,0,7,0,0,0,0,0
42,1,48,20000,0,168,60.02321394,1,11,0,0,4,0,0,0,0,0
43,1,58,24000,0,132,63.58127717,1,11,0,0,9,0,0,0,0,0
44,1,68,20000,0,252,61.36201337,0,11,0,0,9,0,0,0,0,0
45,1,36,20000,0,132,61.59168892,0,11,0,0,2,0,0,0,0,0
46,1,38,20000,0,156,61.59168892,0,11,0,0,7,0,0,0,0,0
47,1,49,21000,0,72,60.61067049,0,11,0,0,2,0,0,0,0,0
48,1,60,20000,0,132,62.28235548,1,11,0,0,6,0,0,0,0,0
49,1,27,20000,0,24,61.59168892,0,11,0,0,8,0,0,0,0,0
50,1,57,20000,0,84,62.83604042,1,11,0,0,2,0,0,0,0,0
51,1,39,25000,0,168,62.16018888,0,11,0,0,10,0,0,0,0,0
52,1,34,20000,0,108,61.59168892,0,11,0,0,2,0,0,0,0,0
53,1,43,20000,0,132,60.27680649,1,11,0,0,2,0,0,0,0,0
54,1,47,20000,0,120,59.80325582,0,11,0,0,2,0,0,0,0,0
55,1,49,26000,0,120,61.58199915,0,11,0,0,5,0,0,0,0,0
56,1,35,24000,0,120,62.04648889,0,11,0,0,11,0,0,0,0,0
57,1,61,20000,0,132,62.83604042,0,11,0,0,1,0,0,0,0,0
58,1,47,23000,0,204,61.06109112,1,11,0,0,7,0,0,0,0,0
59,1,50,20000,0,96,60.03929685,0,11,0,0,7,0,0,0,0,0
60,1,42,20000,0,84,59.92620693,0,11,0,0,9,0,0,0,0,0
61,1,37,23000,0,144,61.93278889,1,11,0,0,12,0,0,0,0,0
62,1,67,20000,0,204,62.83604042,1,11,0,0,11,0,0,0,0,0
63,1,63,20000,0,204,60.99127748,0,11,0,0,8,0,0,0,0,0
64,1,43,28000,0,216,62.50128886,1,11,0,0,9,0,0,0,0,0
65,1,48,21000,0,108,60.09096554,1,11,0,0,8,0,0,0,0,0
66,1,33,20000,0,96,61.59168892,0,11,0,0,1,0,0,0,0,0
67,1,65,23000,0,180,64.92707899,0,11,0,0,8,0,0,0,0,0
68,1,52,20000,0,120,60.03929685,1,11,0,0,7,0,0,0,0,0
69,1,68,20000,0,216,62.83604042,1,11,0,0,12,0,0,0,0,0
70,1,58,20000,0,216,59.8369161,0,11,0,0,9,0,0,0,0,0
71,1,51,25000,0,132,61.44741734,0,11,0,0,5,0,0,0,0,0
72,1,50,26000,0,156,61.33950915,1,11,0,0,5,0,0,0,0,0
73,1,48,20000,0,132,59.80325582,1,11,0,0,3,0,0,0,0,0
74,1,38,22000,0,144,61.61691093,1,11,0,0,3,0,0,0,0,0
75,1,66,22000,0,192,64.23006614,1,11,0,0,7,0,0,0,0,0
76,1,40,20000,0,108,60.42932288,1,11,0,0,8,0,0,0,0,0
77,1,40,20000,0,72,60.02321394,1,11,0,0,2,0,0,0,0,0
78,1,63,20000,0,156,62.83604042,1,11,0,0,7,0,0,0,0,0
79,1,38,20000,0,132,61.16735674,1,11,0,0,6,0,0,0,0,0
80,1,28,20000,0,36,61.59168892,0,11,0,0,3,0,0,0,0,0
81,1,44,23000,0,228,61.93278889,1,11,0,0,5,0,0,0,0,0
82,1,35,20000,0,120,61.59168892,1,11,0,0,10,0,0,0,0,0
83,1,60,20000,0,180,60.67680957,0,11,0,0,11,0,0,0,0,0
84,1,44,20000,0,120,60.02321394,0,11,0,0,12,0,0,0,0,0
85,1,48,20000,0,144,59.85207849,1,11,0,0,1,0,0,0,0,0
86,1,46,20000,0,120,59.85207849,1,11,0,0,1,0,0,0,0,0
87,1,48,20000,0,24,60.99127748,0,11,0,0,3,0,0,0,0,0
88,1,37,20000,0,144,61.59168892,1,11,0,0,1,0,0,0,0,0
89,1,39,20000,0,168,61.59168892,0,11,0,0,5,0,0,0,0,0
90,1,54,20000,0,180,59.79275882,0,11,0,0,4,0,0,0,0,0
91,1,30,22000,0,60,61.8190889,0,11,0,0,11,0,0,0,0,0
92,1,44,24000,0,228,62.04648889,1,11,0,0,5,0,0,0,0,0
93,1,48,20000,0,144,59.85207849,1,11,0,0,4,0,0,0,0,0
94,1,36,20000,0,36,60.14076594,1,11,0,0,1,0,0,0,0,0
95,1,41,26000,0,36,61.43988648,0,11,0,0,8,0,0,0,0,0
96,1,35,26000,0,96,61.93448305,0,11,0,0,5,0,0,0,0,0
97,1,37,20000,0,60,60.27680649,0,11,0,0,7,0,0,0,0,0
98,1,38,20000,0,60,60.14076594,0,11,0,0,10,0,0,0,0,0
99,1,43,24000,0,132,60.98743301,0,11,0,0,5,0,0,0,0,0
100,1,48,33000,0,168,62.68742744,0,11,0,0,1,0,0,0,0,0
101,1,39,20000,0,168,61.59168892,0,11,0,0,5,0,0,0,0,0
102,1,54,20000,0,168,59.8369161,1,11,0,0,2,0,0,0,0,0
103,1,33,23000,0,96,61.93278889,1,11,0,0,7,0,0,0,0,0
104,1,58,20000,0,144,60.99127748,0,11,0,0,5,0,0,0,0,0
105,1,48,20000,0,228,60.77594015,0,11,0,0,7,0,0,0,0,0
106,1,46,20000,0,252,61.59168892,1,11,0,0,12,0,0,0,0,0
107,1,44,20000,0,120,60.02321394,1,11,0,0,5,0,0,0,0,0
108,1,59,20000,0,216,59.91797543,1,11,0,0,12,0,0,0,0,0
109,1,39,32000,0,168,62.95608883,1,11,0,0,4,0,0,0,0,0
110,1,35,20000,0,108,61.37604958,0,11,0,0,7,0,0,0,0,0
111,1,50,20000,0,120,59.8369161,0,11,0,0,4,0,0,0,0,0
112,1,59,20000,0,108,62.83604042,1,11,0,0,6,0,0,0,0,0
113,1,66,25000,0,192,66.32110471,1,11,0,0,2,0,0,0,0,0
114,1,60,20000,0,168,60.99127748,0,11,0,0,8,0,0,0,0,0
115,1,57,20000,0,252,59.85207849,1,11,0,0,11,0,0,0,0,0
116,1,39,20000,0,168,61.59168892,1,11,0,0,3,0,0,0,0,0
117,1,63,20000,0,180,61.79166314,0,11,0,0,11,0,0,0,0,0
118,1,39,20000,0,72,60.14076594,1,11,0,0,6,0,0,0,0,0
119,1,30,20000,0,60,61.59168892,0,11,0,0,5,0,0,0,0,0
120,1,49,24000,0,48,62.577672,1,11,0,0,10,0,0,0,0,0
121,1,59,20000,0,204,60.03929685,0,11,0,0,7,0,0,0,0,0
122,1,47,20000,0,180,60.27680649,0,11,0,0,4,0,0,0,0,0
123,1,57,20000,0,192,59.91797543,1,11,0,0,5,0,0,0,0,0
124,1,40,20000,0,168,61.37604958,0,11,0,0,6,0,0,0,0,0
125,1,33,20000,0,72,61.16735674,1,11,0,0,12,0,0,0,0,0
126,1,41,20000,0,72,59.92620693,0,11,0,0,4,0,0,0,0,0
127,1,40,20000,0,180,61.59168892,1,11,0,0,4,0,0,0,0,0
128,1,73,20000,0,276,62.83604042,1,11,0,0,9,0,0,0,0,0
129,1,41,20000,0,192,61.59168892,0,11,0,0,8,0,0,0,0,0
130,1,35,20000,0,120,61.59168892,1,11,0,0,3,0,0,0,0,0
131,1,39,20000,0,168,61.59168892,1,11,0,0,12,0,0,0,0,0
132,1,57,20000,0,96,62.28235548,0,11,0,0,11,0,0,0,0,0
133,1,43,21000,0,132,60.45446312,1,11,0,0,9,0,0,0,0,0
134,1,58,28000,0,96,68.41214328,1,11,0,0,7,0,0,0,0,0
135,1,48,23000,0,96,60.80321684,0,11,0,0,10,0,0,0,0,0
136,1,41,20000,0,0,59.91797543,0,11,0,0,3,0,0,0,0,0
137,1,52,20000,0,144,59.8369161,1,11,0,0,10,0,0,0,0,0
138,1,54,20000,0,96,60.99127748,1,11,0,0,9,0,0,0,0,0
139,1,45,20000,0,192,60.77594015,0,11,0,0,4,0,0,0,0,0
140,1,47,20000,0,192,60.42932288,0,11,0,0,7,0,0,0,0,0
141,1,67,21000,0,204,63.53305328,0,11,0,0,2,0,0,0,0,0
142,1,38,20000,0,156,61.59168892,0,11,0,0,4,0,0,0,0,0
143,1,37,20000,0,144,61.59168892,0,11,0,0,4,0,0,0,0,0
144,1,43,28000,0,156,61.83566911,1,11,0,0,3,0,0,0,0,0
145,1,44,20000,0,156,60.42932288,0,11,0,0,11,0,0,0,0,0
146,1,47,20000,0,108,59.78250467,0,11,0,0,4,0,0,0,0,0
147,1,46,29000,0,36,63.86399453,1,11,0,0,12,0,0,0,0,0
148,1,45,20000,0,60,59.8369161,1,11,0,0,4,0,0,0,0,0
149,1,40,20000,0,156,61.16735674,0,11,0,0,4,0,0,0,0,0
150,1,37,20000,0,108,60.96679737,0,11,0,0,4,0,0,0,0,0
151,1,39,25000,0,168,62.16018888,0,11,0,0,7,0,0,0,0,0
152,1,51,22000,0,204,60.43309294,0,11,0,0,8,0,0,0,0,0
153,1,59,20000,0,132,61.79166314,1,11,0,0,12,0,0,0,0,0
154,1,36,20000,0,132,61.59168892,1,11,0,0,8,0,0,0,0,0
155,1,65,20000,0,180,62.83604042,1,11,0,0,9,0,0,0,0,0
156,1,42,29000,0,120,61.87571617,0,11,0,0,9,0,0,0,0,0
157,1,33,24000,0,72,61.67877428,1,11,0,0,1,0,0,0,0,0
158,1,41,20000,0,48,59.80325582,0,11,0,0,7,0,0,0,0,0
159,1,57,25000,0,84,66.32110471,1,11,0,0,2,0,0,0,0,0
160,1,56,20000,0,168,60.03929685,0,11,0,0,6,0,0,0,0,0
161,1,39,20000,0,168,61.59168892,0,11,0,0,8,0,0,0,0,0
162,1,50,20000,0,168,59.85207849,1,11,0,0,4,0,0,0,0,0
163,1,58,20000,0,132,61.36201337,1,11,0,0,5,0,0,0,0,0
164,1,45,20000,0,72,59.79275882,0,11,0,0,6,0,0,0,0,0
165,1,67,20000,0,228,61.79166314,0,11,0,0,9,0,0,0,0,0
166,1,40,26000,0,180,62.27388887,1,11,0,0,1,0,0,0,0,0
167,1,43,24000,0,192,61.67877428,0,11,0,0,12,0,0,0,0,0
168,1,40,20000,0,144,60.96679737,1,11,0,0,5,0,0,0,0,0
169,1,33,24000,0,96,62.04648889,0,11,0,0,12,0,0,0,0,0
170,1,62,25000,0,144,66.32110471,1,11,0,0,10,0,0,0,0,0
171,1,37,20000,0,72,60.42932288,0,11,0,0,9,0,0,0,0,0
172,1,49,20000,0,120,59.79275882,0,11,0,0,1,0,0,0,0,0
173,1,61,21000,0,180,61.50484271,0,11,0,0,1,0,0,0,0,0
174,1,41,20000,0,132,60.59634432,1,11,0,0,6,0,0,0,0,0
175,1,46,20000,0,252,61.59168892,0,11,0,0,10,0,0,0,0,0
176,1,41,20000,0,192,61.59168892,0,11,0,0,8,0,0,0,0,0
177,1,39,24000,0,168,62.04648889,0,11,0,0,1,0,0,0,0,0
178,1,66,20000,0,192,62.83604042,0,11,0,0,10,0,0,0,0,0
179,1,51,23000,0,96,61.4240015,0,11,0,0,12,0,0,0,0,0
180,1,37,20000,0,144,61.59168892,1,11,0,0,4,0,0,0,0,0
181,1,58,20000,0,96,62.83604042,0,11,0,0,12,0,0,0,0,0
182,1,62,25000,0,144,66.32110471,1,11,0,0,8,0,0,0,0,0
183,1,52,21000,0,180,60.05929804,1,11,0,0,12,0,0,0,0,0
184,1,55,20000,0,192,59.79275882,1,11,0,0,5,0,0,0,0,0
185,1,37,20000,0,108,60.96679737,0,11,0,0,10,0,0,0,0,0
186,1,31,23000,0,72,61.93278889,1,11,0,0,5,0,0,0,0,0
187,1,26,20000,0,12,61.59168892,1,11,0,0,10,0,0,0,0,0
188,1,50,27000,0,192,61.45779044,0,11,0,0,12,0,0,0,0,0
189,1,51,20000,0,192,59.92620693,1,11,0,0,10,0,0,0,0,0
190,1,38,22000,0,156,61.8190889,1,11,0,0,8,0,0,0,0,0
191,1,41,20000,0,156,60.96679737,0,11,0,0,10,0,0,0,0,0
192,1,68,20000,0,216,62.83604042,0,11,0,0,2,0,0,0,0,0
193,1,49,20000,0,168,59.92620693,0,11,0,0,1,0,0,0,0,0
194,1,50,20000,0,216,60.27680649,1,11,0,0,11,0,0,0,0,0
195,1,37,20000,0,144,61.59168892,1,11,0,0,5,0,0,0,0,0
196,1,61,21000,0,132,63.53305328,1,11,0,0,12,0,0,0,0,0
197,1,38,29000,0,96,61.99058471,0,11,0,0,9,0,0,0,0,0
198,1,46,20000,0,96,59.78250467,0,11,0,0,5,0,0,0,0,0
199,1,50,22000,0,240,60.90617552,0,11,0,0,5,0,0,0,0,0
200,1,54,24000,0,84,63.58127717,0,11,0,0,7,0,0,0,0,0
201,1,35,20000,0,48,60.42932288,0,11,0,0,9,0,0,0,0,0
202,1,65,20000,0,216,61.36201337,1,11,0,0,1,0,0,0,0,0
203,1,41,20000,0,192,61.59168892,0,11,0,0,2,0,0,0,0,0
204,1,40,20000,0,72,60.02321394,0,11,0,0,10,0,0,0,0,0
205,1,30,20000,0,60,61.59168892,0,11,0,0,4,0,0,0,0,0
206,1,46,20000,0,60,59.91797543,1,11,0,0,5,0,0,0,0,0
207,1,28,22000,0,36,61.8190889,0,11,0,0,6,0,0,0,0,0
208,1,48,20000,0,144,59.85207849,0,11,0,0,1,0,0,0,0,0
209,1,46,23000,0,120,60.56461223,1,11,0,0,7,0,0,0,0,0
210,1,32,20000,0,48,60.96679737,1,11,0,0,11,0,0,0,0,0
211,1,53,20000,0,156,59.8369161,1,11,0,0,4,0,0,0,0,0
212,1,36,21000,0,132,61.70538891,1,11,0,0,9,0,0,0,0,0
213,1,59,20000,0,156,60.99127748,1,11,0,0,10,0,0,0,0,0
214,1,41,20000,0,96,60.14076594,1,11,0,0,2,0,0,0,0,0
215,1,68,23000,0,264,62.53197317,0,11,0,0,1,0,0,0,0,0
216,1,56,20000,0,120,60.99127748,0,11,0,0,4,0,0,0,0,0
217,1,60,20000,0,216,60.03929685,1,11,0,0,11,0,0,0,0,0
218,1,66,20000,0,192,62.83604042,0,11,0,0,9,0,0,0,0,0
219,1,50,20000,0,144,59.78250467,0,11,0,0,10,0,0,0,0,0
220,1,49,20000,0,132,59.78250467,1,11,0,0,7,0,0,0,0,0
221,1,35,21000,0,120,61.70538891,1,11,0,0,7,0,0,0,0,0
222,1,36,20000,0,132,61.59168892,1,11,0,0,7,0,0,0,0,0
223,1,62,20000,0,144,62.83604042,0,11,0,0,8,0,0,0,0,0
224,1,38,20000,0,156,61.59168892,1,11,0,0,4,0,0,0,0,0
225,1,59,37000,0,276,63.88976968,1,11,0,0,2,0,0,0,0,0
226,1,43,20000,0,84,59.85207849,0,11,0,0,1,0,0,0,0,0
227,1,59,20000,0,108,62.83604042,0,11,0,0,2,0,0,0,0,0
228,1,47,20000,0,72,59.91797543,0,11,0,0,3,0,0,0,0,0
229,1,41,20000,0,144,60.77594015,0,11,0,0,5,0,0,0,0,0
230,1,38,20000,0,108,60.77594015,0,11,0,0,4,0,0,0,0,0
231,1,59,23000,0,108,64.92707899,0,11,0,0,7,0,0,0,0,0
232,1,68,22000,0,240,62.98982675,1,11,0,0,12,0,0,0,0,0
233,1,62,20000,0,216,60.41536167,0,11,0,0,3,0,0,0,0,0
234,1,56,20000,0,132,60.67680957,0,11,0,0,3,0,0,0,0,0
235,1,30,21000,0,60,61.70538891,0,11,0,0,1,0,0,0,0,0
236,1,66,20000,0,192,62.83604042,0,11,0,0,5,0,0,0,0,0
237,1,59,21000,0,156,61.50484271,0,11,0,0,11,0,0,0,0,0
238,1,61,20000,0,132,62.83604042,0,11,0,0,8,0,0,0,0,0
239,1,41,20000,0,132,60.59634432,1,11,0,0,12,0,0,0,0,0
240,1,45,26000,0,132,61.25285094,0,11,0,0,9,0,0,0,0,0
241,1,38,20000,0,156,61.59168892,1,11,0,0,9,0,0,0,0,0
242,1,45,20000,0,192,60.77594015,1,11,0,0,11,0,0,0,0,0
243,1,49,20000,0,240,60.77594015,0,11,0,0,9,0,0,0,0,0
244,1,39,20000,0,168,61.59168892,0,11,0,0,1,0,0,0,0,0
245,1,53,20000,0,60,61.79166314,1,11,0,0,7,0,0,0,0,0
246,1,40,20000,0,180,61.59168892,1,11,0,0,12,0,0,0,0,0
247,1,55,20000,0,192,59.79275882,1,11,0,0,1,0,0,0,0,0
248,1,29,22000,0,0,61.06598743,0,11,0,0,6,0,0,0,0,0
249,1,31,26000,0,72,62.27388887,1,11,0,0,3,0,0,0,0,0
250,1,44,20000,0,168,60.59634432,0,11,0,0,1,0,0,0,0,0
1,2,39,55000,36,24,58.4810726,1,20,0,0,10,0,0,0,0,0
2,2,45,114000,132,24,72.79153994,0,20,0,0,5,0,0,0,0,0
3,2,44,94000,72,36,64.14396392,1,20,0,0,7,0,0,0,0,0
4,2,22,55000,48,12,54.642642,0,20,0,0,3,0,0,0,0,0
5,2,32,104000,84,12,60.47381801,0,20,0,0,10,0,0,0,0,0
6,2,36,114000,144,36,64.06870682,0,20,0,0,7,0,0,0,0,0
7,2,30,171000,144,0,70.22751606,1,20,0,0,12,0,0,0,0,0
8,2,45,159000,36,12,92.30923686,1,20,0,0,1,0,0,0,0,0
9,2,37,90000,108,24,59.86942798,1,20,0,0,6,0,0,0,0,0
10,2,33,114000,36,12,71.04424681,1,20,0,0,11,0,0,0,0,0
11,2,32,119000,96,24,62.26969985,0,20,0,0,5,0,0,0,0,0
12,2,33,161000,120,24,68.57336351,0,20,0,0,2,0,0,0,0,0
13,2,49,122000,144,24,83.83745806,1,20,0,0,12,0,0,0,0,0
14,2,40,85000,36,24,66.13701383,1,20,0,0,10,0,0,0,0,0
15,2,36,74000,96,24,56.74787804,1,20,0,0,11,0,0,0,0,0
16,2,38,122000,144,0,69.13038026,1,20,0,0,2,0,0,0,0,0
17,2,35,53000,36,24,57.31325469,0,20,0,0,11,0,0,0,0,0
18,2,32,88000,36,24,64.89353636,1,20,0,0,4,0,0,0,0,0
19,2,45,73000,36,24,65.99181997,1,20,0,0,3,0,0,0,0,0
20,2,44,72000,144,12,64.36064792,0,20,0,0,10,0,0,0,0,0
21,2,22,89000,60,12,59.021845,1,20,0,0,6,0,0,0,0,0
22,2,41,63000,144,36,59.04049025,1,20,0,0,4,0,0,0,0,0
23,2,43,108000,108,48,65.51317831,0,20,0,0,5,0,0,0,0,0
24,2,46,112000,72,24,71.98495828,1,20,0,0,1,0,0,0,0,0
25,2,41,74000,144,12,62.23058863,0,20,0,0,10,0,0,0,0,0
26,2,50,116000,144,0,90.36020775,1,20,0,0,2,0,0,0,0,0
27,2,40,58000,144,12,58.64534632,1,20,0,0,12,0,0,0,0,0
28,2,23,86000,36,12,64.21125189,1,20,0,0,12,0,0,0,0,0
29,2,37,130000,144,0,69.39298429,1,20,0,0,4,0,0,0,0,0
30,2,35,140000,36,24,77.22072542,1,20,0,0,3,0,0,0,0,0
31,2,29,103000,36,24,68.01298725,1,20,0,0,6,0,0,0,0,0
32,2,45,78000,84,24,62.68835623,0,20,0,0,1,0,0,0,0,0
33,2,40,157000,60,36,74.17141029,1,20,0,0,12,0,0,0,0,0
34,2,37,114000,96,36,62.83660811,0,20,0,0,12,0,0,0,0,0
35,2,30,74000,132,12,56.99077325,1,20,0,0,1,0,0,0,0,0
36,2,46,112000,144,24,74.91781356,1,20,0,0,10,0,0,0,0,0
37,2,23,81000,36,24,63.12884445,1,20,0,0,8,0,0,0,0,0
38,2,42,37000,48,36,52.53292596,1,20,0,0,10,0,0,0,0,0
39,2,37,128000,84,24,65.64162911,1,20,0,0,5,0,0,0,0,0
40,2,47,110000,36,24,79.2531565,1,20,0,0,9,0,0,0,0,0
41,2,31,65000,60,12,55.29376689,1,20,0,0,6,0,0,0,0,0
42,2,45,111000,36,12,78.09163622,1,20,0,0,12,0,0,0,0,0
43,2,24,74000,36,12,61.54293662,0,20,0,0,5,0,0,0,0,0
44,2,23,104000,36,12,68.19397693,1,20,0,0,10,0,0,0,0,0
45,2,37,158000,60,12,73.61951771,0,20,0,0,8,0,0,0,0,0
46,2,23,84000,60,24,58.19306563,0,20,0,0,7,0,0,0,0,0
47,2,28,99000,36,12,67.12637826,1,20,0,0,11,0,0,0,0,0
48,2,26,139000,36,24,75.90398475,1,20,0,0,9,0,0,0,0,0
49,2,33,39000,144,36,53.27330896,0,20,0,0,6,0,0,0,0,0
50,2,27,85000,96,36,56.96670911,0,20,0,0,9,0,0,0,0,0
51,2,47,89000,36,24,72.75570366,0,20,0,0,1,0,0,0,0,0
52,2,39,50000,60,24,53.79873621,0,20,0,0,5,0,0,0,0,0
53,2,23,74000,36,24,61.57795232,0,20,0,0,1,0,0,0,0,0
54,2,50,70000,120,12,69.30526677,0,20,0,0,7,0,0,0,0,0
55,2,41,89000,60,24,62.28654002,1,20,0,0,2,0,0,0,0,0
56,2,35,39000,132,48,52.6953294,0,20,0,0,7,0,0,0,0,0
57,2,39,73000,144,12,60.7506411,1,20,0,0,3,0,0,0,0,0
58,2,34,155000,96,24,68.05719677,1,20,0,0,9,0,0,0,0,0
59,2,42,126000,72,48,67.80914049,1,20,0,0,2,0,0,0,0,0
60,2,27,74000,144,24,57.16380669,0,20,0,0,9,0,0,0,0,0
61,2,27,106000,60,24,61.83518822,0,20,0,0,12,0,0,0,0,0
62,2,43,76000,36,24,65.415855,1,20,0,0,10,0,0,0,0,0
63,2,40,81000,120,24,60.58883228,1,20,0,0,3,0,0,0,0,0
64,2,49,85000,36,24,74.27746281,1,20,0,0,3,0,0,0,0,0
65,2,52,101000,144,36,82.30422075,0,20,0,0,9,0,0,0,0,0
66,2,36,139000,132,36,66.94304838,1,20,0,0,5,0,0,0,0,0
67,2,35,105000,60,12,62.99796322,0,20,0,0,5,0,0,0,0,0
68,2,35,127000,36,12,74.55583041,1,20,0,0,2,0,0,0,0,0
69,2,48,148000,144,36,85.86245905,0,20,0,0,9,0,0,0,0,0
70,2,30,97000,36,24,66.73553658,0,20,0,0,3,0,0,0,0,0
71,2,48,143000,36,24,91.62756681,1,20,0,0,7,0,0,0,0,0
72,2,37,88000,60,12,60.61967416,1,20,0,0,5,0,0,0,0,0
73,2,36,80000,48,12,60.45286118,0,20,0,0,1,0,0,0,0,0
74,2,37,137000,144,36,67.89982925,0,20,0,0,5,0,0,0,0,0
75,2,45,97000,144,12,71.34927833,0,20,0,0,1,0,0,0,0,0
76,2,40,59000,96,36,55.34659529,0,20,0,0,7,0,0,0,0,0
77,2,31,69000,36,12,60.63801239,0,20,0,0,3,0,0,0,0,0
78,2,24,94000,84,24,58.28410934,1,20,0,0,11,0,0,0,0,0
79,2,39,128000,144,12,70.15647077,1,20,0,0,11,0,0,0,0,0
80,2,23,120000,36,24,71.76952918,0,20,0,0,4,0,0,0,0,0
81,2,31,120000,72,24,63.11839681,1,20,0,0,10,0,0,0,0,0
82,2,43,70000,36,12,64.43194308,0,20,0,0,4,0,0,0,0,0
83,2,42,89000,84,24,62.18669648,0,20,0,0,2,0,0,0,0,0
84,2,30,101000,144,24,60.80000911,0,20,0,0,3,0,0,0,0,0
85,2,35,136000,120,12,66.61908971,1,20,0,0,9,0,0,0,0,0
86,2,38,122000,48,36,68.8889121,1,20,0,0,4,0,0,0,0,0
87,2,32,97000,36,24,66.90931087,1,20,0,0,4,0,0,0,0,0
88,2,47,179000,132,12,95.37613358,1,20,0,0,5,0,0,0,0,0
89,2,43,50000,36,12,58.93840711,0,20,0,0,9,0,0,0,0,0
90,2,45,96000,120,12,69.25257691,1,20,0,0,3,0,0,0,0,0
91,2,25,30000,36,0,51.81515267,0,20,0,0,9,0,0,0,0,0
92,2,27,141000,132,24,64.83052629,0,20,0,0,7,0,0,0,0,0
93,2,36,69000,132,36,57.15756738,1,20,0,0,5,0,0,0,0,0
94,2,30,93000,144,24,59.80705318,0,20,0,0,2,0,0,0,0,0
95,2,44,160000,120,36,78.4970072,0,20,0,0,6,0,0,0,0,0
96,2,33,68000,132,12,56.76402584,0,20,0,0,5,0,0,0,0,0
97,2,22,112000,36,12,69.99708103,1,20,0,0,10,0,0,0,0,0
98,2,30,112000,120,48,60.99738207,1,20,0,0,8,0,0,0,0,0
99,2,24,99000,36,24,67.08766442,1,20,0,0,5,0,0,0,0,0
100,2,26,35000,108,12,50.66302765,0,20,0,0,5,0,0,0,0,0
101,2,34,120000,60,24,65.0441948,0,20,0,0,3,0,0,0,0,0
102,2,44,36000,48,24,53.195987,0,20,0,0,2,0,0,0,0,0
103,2,33,66000,72,36,54.8357941,0,20,0,0,11,0,0,0,0,0
104,2,35,140000,36,24,77.22072542,1,20,0,0,2,0,0,0,0,0
105,2,33,60000,36,12,58.79508497,0,20,0,0,8,0,0,0,0,0
106,2,24,100000,36,24,67.30892692,0,20,0,0,11,0,0,0,0,0
107,2,32,124000,36,12,73.11412474,1,20,0,0,7,0,0,0,0,0
108,2,41,67000,60,24,57.83630612,0,20,0,0,7,0,0,0,0,0
109,2,41,107000,36,24,72.1566417,0,20,0,0,11,0,0,0,0,0
110,2,38,90000,36,24,66.57284392,1,20,0,0,1,0,0,0,0,0
111,2,36,82000,84,48,57.37618515,1,20,0,0,7,0,0,0,0,0
112,2,32,56000,60,0,53.96581655,0,20,0,0,7,0,0,0,0,0
113,2,32,167000,36,24,82.58755708,1,20,0,0,3,0,0,0,0,0
114,2,39,178000,144,12,78.70722502,0,20,0,0,6,0,0,0,0,0
115,2,32,93000,36,24,66.01341109,1,20,0,0,5,0,0,0,0,0
116,2,51,107000,144,24,84.32543429,1,20,0,0,8,0,0,0,0,0
117,2,45,95000,36,24,72.25522717,1,20,0,0,2,0,0,0,0,0
118,2,36,112000,144,36,63.79144201,1,20,0,0,12,0,0,0,0,0
119,2,30,124000,36,0,72.95663441,0,20,0,0,5,0,0,0,0,0
120,2,37,96000,72,0,61.69745258,1,20,0,0,6,0,0,0,0,0
121,2,44,68000,36,24,63.88258948,0,20,0,0,1,0,0,0,0,0
122,2,35,76000,36,24,62.57614925,1,20,0,0,2,0,0,0,0,0
123,2,34,180000,144,12,73.21844531,1,20,0,0,2,0,0,0,0,0
124,2,47,118000,60,36,74.09871554,0,20,0,0,12,0,0,0,0,0
125,2,35,73000,108,24,56.66025023,1,20,0,0,11,0,0,0,0,0
126,2,31,153000,144,24,67.55263826,1,20,0,0,9,0,0,0,0,0
127,2,22,72000,36,12,61.13484029,1,20,0,0,8,0,0,0,0,0
128,2,36,101000,36,12,68.83790943,1,20,0,0,5,0,0,0,0,0
129,2,36,85000,108,36,58.39476972,1,20,0,0,12,0,0,0,0,0
130,2,43,57000,144,0,61.00864866,0,20,0,0,2,0,0,0,0,0
131,2,53,97000,72,12,81.32978009,0,20,0,0,3,0,0,0,0,0
132,2,29,101000,120,12,59.83885147,0,20,0,0,7,0,0,0,0,0
133,2,35,52000,96,36,53.05551661,0,20,0,0,1,0,0,0,0,0
134,2,25,86000,36,24,64.19596453,1,20,0,0,5,0,0,0,0,0
135,2,33,137000,36,24,76.04225611,1,20,0,0,8,0,0,0,0,0
136,2,39,121000,144,24,67.93034786,0,20,0,0,9,0,0,0,0,0
137,2,36,70000,60,24,56.75671149,0,20,0,0,2,0,0,0,0,0
138,2,39,83000,132,24,60.97936458,0,20,0,0,8,0,0,0,0,0
139,2,42,82000,36,24,66.39226124,0,20,0,0,7,0,0,0,0,0
140,2,45,47000,120,24,57.18752898,1,20,0,0,6,0,0,0,0,0
141,2,47,187000,36,24,103.0771502,1,20,0,0,2,0,0,0,0,0
142,2,30,160000,48,36,74.31230228,0,20,0,0,7,0,0,0,0,0
143,2,43,152000,144,0,82.23797733,0,20,0,0,7,0,0,0,0,0
144,2,40,135000,36,12,79.21196648,1,20,0,0,11,0,0,0,0,0
145,2,23,114000,144,24,61.76731522,1,20,0,0,11,0,0,0,0,0
146,2,38,44000,96,24,52.58589518,1,20,0,0,4,0,0,0,0,0
147,2,61,127000,144,48,140.1114357,1,20,0,0,11,0,0,0,0,0
148,2,27,58000,96,36,53.31766785,1,20,0,0,4,0,0,0,0,0
149,2,45,93000,36,12,72.76003598,0,20,0,0,4,0,0,0,0,0
150,2,40,118000,144,36,67.44280238,0,20,0,0,5,0,0,0,0,0
151,2,24,107000,36,24,68.85776444,1,20,0,0,9,0,0,0,0,0
152,2,35,83000,144,24,59.77110237,0,20,0,0,2,0,0,0,0,0
153,2,49,102000,144,36,75.99825757,0,20,0,0,2,0,0,0,0,0
154,2,42,85000,84,24,61.4119403,0,20,0,0,8,0,0,0,0,0
155,2,30,50000,48,12,53.80846725,0,20,0,0,2,0,0,0,0,0
156,2,47,83000,36,24,70.89928857,0,20,0,0,9,0,0,0,0,0
157,2,33,64000,144,12,56.88169773,0,20,0,0,2,0,0,0,0,0
158,2,33,65000,132,12,56.35582252,0,20,0,0,9,0,0,0,0,0
159,2,51,80000,144,12,77.30090613,1,20,0,0,5,0,0,0,0,0
160,2,25,27000,72,24,48.60157894,0,20,0,0,2,0,0,0,0,0
161,2,28,139000,144,24,65.12004584,0,20,0,0,9,0,0,0,0,0
162,2,40,130000,72,24,68.54862223,0,20,0,0,10,0,0,0,0,0
163,2,50,81000,48,24,70.3200532,1,20,0,0,3,0,0,0,0,0
164,2,55,90000,36,24,84.66513552,0,20,0,0,10,0,0,0,0,0
165,2,26,169000,144,12,68.58941172,1,20,0,0,5,0,0,0,0,0
166,2,23,159000,36,24,80.4102139,1,20,0,0,5,0,0,0,0,0
167,2,31,134000,144,24,65.15731838,1,20,0,0,2,0,0,0,0,0
168,2,38,135000,36,12,77.81212541,1,20,0,0,7,0,0,0,0,0
169,2,34,112000,144,24,63.3446682,0,20,0,0,12,0,0,0,0,0
170,2,41,104000,144,12,67.89127793,1,20,0,0,11,0,0,0,0,0
171,2,38,107000,36,0,71.55783585,0,20,0,0,6,0,0,0,0,0
172,2,35,77000,144,36,58.63208556,0,20,0,0,9,0,0,0,0,0
173,2,45,54000,96,0,58.89332826,1,20,0,0,11,0,0,0,0,0
174,2,47,97000,108,36,68.79193957,1,20,0,0,1,0,0,0,0,0
175,2,36,166000,36,24,83.57469413,0,20,0,0,5,0,0,0,0,0
176,2,52,101000,36,24,82.16134269,1,20,0,0,11,0,0,0,0,0
177,2,50,128000,144,36,85.58627147,1,20,0,0,9,0,0,0,0,0
178,2,35,79000,60,24,58.13537379,1,20,0,0,9,0,0,0,0,0
179,2,25,112000,84,36,60.84095205,0,20,0,0,11,0,0,0,0,0
180,2,57,110000,108,24,104.7753471,0,20,0,0,7,0,0,0,0,0
181,2,39,65000,144,24,58.82949896,1,20,0,0,1,0,0,0,0,0
182,2,37,42000,132,24,53.78430769,1,20,0,0,11,0,0,0,0,0
183,2,46,119000,84,36,72.00741078,0,20,0,0,4,0,0,0,0,0
184,2,31,135000,60,24,66.99247677,1,20,0,0,6,0,0,0,0,0
185,2,35,118000,36,24,72.18665236,0,20,0,0,3,0,0,0,0,0
186,2,26,95000,48,12,62.08276809,1,20,0,0,3,0,0,0,0,0
187,2,31,68000,36,24,60.34420591,1,20,0,0,4,0,0,0,0,0
188,2,37,106000,120,48,61.80935118,0,20,0,0,1,0,0,0,0,0
189,2,39,91000,84,36,60.07765076,0,20,0,0,1,0,0,0,0,0
190,2,32,63000,144,12,56.53447676,0,20,0,0,7,0,0,0,0,0
191,2,34,48000,96,36,52.35231008,0,20,0,0,3,0,0,0,0,0
192,2,35,109000,144,48,62.57306288,0,20,0,0,7,0,0,0,0,0
193,2,31,45000,60,24,51.84445489,1,20,0,0,8,0,0,0,0,0
194,2,44,110000,144,24,71.42793801,1,20,0,0,2,0,0,0,0,0
195,2,26,68000,132,12,55.86313693,1,20,0,0,8,0,0,0,0,0
196,2,23,152000,120,24,65.76822908,0,20,0,0,4,0,0,0,0,0
197,2,37,106000,60,12,63.96249107,0,20,0,0,8,0,0,0,0,0
198,2,29,84000,84,12,57.09109793,0,20,0,0,9,0,0,0,0,0
199,2,36,126000,36,24,74.32457749,0,20,0,0,2,0,0,0,0,0
200,2,42,77000,132,24,61.99238506,0,20,0,0,4,0,0,0,0,0
201,2,39,76000,144,36,60.05710666,1,20,0,0,9,0,0,0,0,0
202,2,30,99000,60,24,60.83637844,0,20,0,0,1,0,0,0,0,0
203,2,25,126000,132,24,62.84809517,0,20,0,0,12,0,0,0,0,0
204,2,44,65000,120,12,61.16361553,0,20,0,0,1,0,0,0,0,0
205,2,34,128000,36,12,74.47486739,1,20,0,0,5,0,0,0,0,0
206,2,41,53000,48,36,55.7340348,1,20,0,0,7,0,0,0,0,0
207,2,37,150000,144,0,72.64328747,0,20,0,0,12,0,0,0,0,0
208,2,39,106000,144,12,66.3941389,0,20,0,0,4,0,0,0,0,0
209,2,43,131000,36,24,80.04503629,0,20,0,0,7,0,0,0,0,0
210,2,45,104000,36,24,74.81753012,0,20,0,0,6,0,0,0,0,0
211,2,35,77000,36,12,62.9931846,1,20,0,0,2,0,0,0,0,0
212,2,34,96000,36,24,66.96119287,0,20,0,0,6,0,0,0,0,0
213,2,30,73000,144,12,57.46708086,0,20,0,0,4,0,0,0,0,0
214,2,23,157000,36,24,79.96710186,1,20,0,0,9,0,0,0,0,0
215,2,21,83000,144,0,58.09535547,0,20,0,0,2,0,0,0,0,0
216,2,36,94000,36,24,66.92448418,1,20,0,0,2,0,0,0,0,0
217,2,32,138000,144,36,65.66159625,1,20,0,0,1,0,0,0,0,0
218,2,41,124000,36,24,76.44023174,1,20,0,0,3,0,0,0,0,0
219,2,50,50000,36,24,62.65322789,0,20,0,0,3,0,0,0,0,0
220,2,27,95000,36,24,66.18572289,1,20,0,0,3,0,0,0,0,0
221,2,35,135000,144,24,66.97998725,0,20,0,0,11,0,0,0,0,0
222,2,33,74000,84,24,55.99116449,1,20,0,0,3,0,0,0,0,0
223,2,40,93000,84,36,60.91247485,0,20,0,0,12,0,0,0,0,0
224,2,47,82000,36,24,70.58988605,0,20,0,0,2,0,0,0,0,0
225,2,28,91000,36,24,65.32082992,1,20,0,0,5,0,0,0,0,0
226,2,42,136000,132,48,70.66888836,0,20,0,0,4,0,0,0,0,0
227,2,38,108000,144,24,65.0219652,1,20,0,0,11,0,0,0,0,0
228,2,28,180000,60,24,74.16250117,1,20,0,0,6,0,0,0,0,0
229,2,38,86000,48,24,61.97873962,1,20,0,0,3,0,0,0,0,0
230,2,34,68000,144,48,56.99809688,0,20,0,0,1,0,0,0,0,0
231,2,34,90000,132,12,60.09321168,0,20,0,0,7,0,0,0,0,0
232,2,40,98000,36,24,69.34022684,0,20,0,0,1,0,0,0,0,0
233,2,32,105000,36,24,68.70111044,0,20,0,0,10,0,0,0,0,0
234,2,43,106000,108,24,67.31853733,1,20,0,0,11,0,0,0,0,0
235,2,37,106000,96,24,62.0658298,1,20,0,0,4,0,0,0,0,0
236,2,42,137000,60,24,73.01482823,1,20,0,0,12,0,0,0,0,0
237,2,50,146000,144,12,97.46332228,1,20,0,0,4,0,0,0,0,0
238,2,49,62000,132,24,65.25555021,0,20,0,0,11,0,0,0,0,0
239,2,36,37000,144,36,53.3940119,1,20,0,0,10,0,0,0,0,0
240,2,30,41000,72,24,50.81912962,0,20,0,0,2,0,0,0,0,0
241,2,36,107000,144,36,63.09828001,1,20,0,0,1,0,0,0,0,0
242,2,42,117000,72,12,68.94459282,0,20,0,0,3,0,0,0,0,0
243,2,30,66000,144,12,56.58459458,1,20,0,0,1,0,0,0,0,0
244,2,36,99000,144,36,61.98922079,0,20,0,0,5,0,0,0,0,0
245,2,39,117000,36,24,73.46263853,1,20,0,0,10,0,0,0,0,0
246,2,33,98000,36,24,67.25786201,0,20,0,0,2,0,0,0,0,0
247,2,37,127000,132,24,66.47604844,1,20,0,0,5,0,0,0,0,0
248,2,38,49000,36,24,56.83145793,0,20,0,0,6,0,0,0,0,0
249,2,30,143000,84,24,65.63108284,0,20,0,0,2,0,0,0,0,0
250,2,36,187000,72,12,76.23980748,1,20,0,0,4,0,0,0,0,0
1,3,63,258000,0,60,2.36E+06,0,30,0,0,11,0,0,0,0,0
2,3,72,164000,0,120,1.43E+06,1,30,0,0,1,0,0,0,0,0
3,3,69,101000,0,60,852668.5666,0,30,0,0,9,0,0,0,0,0
4,3,71,384000,0,120,3.38E+06,1,30,0,0,11,0,0,0,0,0
5,3,65,332000,0,96,3.08E+06,1,30,0,0,3,0,0,0,0,0
6,3,77,394000,0,108,3.05E+06,0,30,0,0,1,0,0,0,0,0
7,3,63,269000,0,84,2.52E+06,0,30,0,0,3,0,0,0,0,0
8,3,72,568000,0,108,4.84E+06,1,30,0,0,3,0,0,0,0,0
9,3,74,91000,0,120,769120.0778,1,30,0,0,5,0,0,0,0,0
10,3,62,145000,0,48,1.33E+06,0,30,0,0,4,0,0,0,0,0
11,3,77,115000,0,132,934157.227,0,30,0,0,7,0,0,0,0,0
12,3,68,255000,0,12,2.02E+06,0,30,0,0,1,0,0,0,0,0
13,3,64,111000,0,60,1.01E+06,1,30,0,0,5,0,0,0,0,0
14,3,62,294000,0,48,2.69E+06,1,30,0,0,3,0,0,0,0,0
15,3,59,169000,0,48,1.60E+06,1,30,0,0,8,0,0,0,0,0
16,3,70,119000,0,60,985060.5281,1,30,0,0,2,0,0,0,0,0
17,3,76,144000,0,144,1.21E+06,0,30,0,0,12,0,0,0,0,0
18,3,77,70000,0,108,548545.4471,1,30,0,0,9,0,0,0,0,0
19,3,73,372000,0,132,3.22E+06,0,30,0,0,2,0,0,0,0,0
20,3,67,84000,0,60,734611.2275,1,30,0,0,4,0,0,0,0,0
21,3,71,356000,0,156,3.26E+06,1,30,0,0,11,0,0,0,0,0
22,3,69,203000,0,168,1.92E+06,1,30,0,0,10,0,0,0,0,0
23,3,73,200000,0,144,1.76E+06,0,30,0,0,11,0,0,0,0,0
24,3,77,192000,0,96,1.46E+06,1,30,0,0,12,0,0,0,0,0
25,3,78,383000,0,108,2.90E+06,1,30,0,0,2,0,0,0,0,0
26,3,69,290000,0,60,2.43E+06,1,30,0,0,12,0,0,0,0,0
27,3,77,115000,0,168,986334.4308,0,30,0,0,5,0,0,0,0,0
28,3,68,89000,0,96,800974.863,0,30,0,0,1,0,0,0,0,0
29,3,74,276000,0,144,2.39E+06,0,30,0,0,1,0,0,0,0,0
30,3,67,166000,0,96,1.51E+06,0,30,0,0,8,0,0,0,0,0
31,3,74,431000,0,72,3.34E+06,0,30,0,0,9,0,0,0,0,0
32,3,69,446000,0,60,3.74E+06,0,30,0,0,11,0,0,0,0,0
33,3,77,301000,0,144,2.48E+06,0,30,0,0,10,0,0,0,0,0
34,3,74,424000,0,144,3.67E+06,1,30,0,0,8,0,0,0,0,0
35,3,70,346000,0,156,3.20E+06,0,30,0,0,9,0,0,0,0,0
36,3,65,60000,0,120,576072.0432,1,30,0,0,8,0,0,0,0,0
37,3,59,236000,0,48,2.24E+06,0,30,0,0,8,0,0,0,0,0
38,3,76,211000,0,132,1.74E+06,1,30,0,0,8,0,0,0,0,0
39,3,75,420000,0,84,3.25E+06,1,30,0,0,8,0,0,0,0,0
40,3,73,243000,0,180,2.23E+06,0,30,0,0,2,0,0,0,0,0
41,3,69,148000,0,108,1.33E+06,1,30,0,0,4,0,0,0,0,0
42,3,65,417000,0,72,3.77E+06,0,30,0,0,7,0,0,0,0,0
43,3,79,124000,0,120,943920.3364,0,30,0,0,6,0,0,0,0,0
44,3,61,333000,0,72,3.15E+06,1,30,0,0,11,0,0,0,0,0
45,3,70,270000,0,0,2.00E+06,1,30,0,0,8,0,0,0,0,0
46,3,70,472000,0,180,4.46E+06,1,30,0,0,9,0,0,0,0,0
47,3,72,60000,0,60,481550.1512,1,30,0,0,10,0,0,0,0,0
48,3,76,425000,0,132,3.50E+06,1,30,0,0,7,0,0,0,0,0
49,3,71,322000,0,60,2.60E+06,0,30,0,0,9,0,0,0,0,0
50,3,67,462000,0,108,4.23E+06,0,30,0,0,6,0,0,0,0,0
51,3,79,185000,0,108,1.37E+06,0,30,0,0,3,0,0,0,0,0
52,3,66,60000,0,132,576072.0432,1,30,0,0,3,0,0,0,0,0
53,3,70,60000,0,84,518919.2451,1,30,0,0,6,0,0,0,0,0
54,3,69,60000,0,156,570180.0534,0,30,0,0,5,0,0,0,0,0
55,3,78,166000,0,120,1.29E+06,1,30,0,0,5,0,0,0,0,0
56,3,66,442000,0,84,3.99E+06,1,30,0,0,3,0,0,0,0,0
57,3,69,242000,0,108,2.16E+06,1,30,0,0,3,0,0,0,0,0
58,3,64,256000,0,24,2.22E+06,1,30,0,0,1,0,0,0,0,0
59,3,65,149000,0,60,1.33E+06,0,30,0,0,7,0,0,0,0,0
60,3,61,400000,0,72,3.78E+06,0,30,0,0,11,0,0,0,0,0
61,3,59,126000,0,48,1.20E+06,1,30,0,0,8,0,0,0,0,0
62,3,72,461000,0,132,4.05E+06,1,30,0,0,5,0,0,0,0,0
63,3,70,425000,0,72,3.56E+06,0,30,0,0,2,0,0,0,0,0
64,3,65,491000,0,120,4.64E+06,1,30,0,0,1,0,0,0,0,0
65,3,69,221000,0,84,1.92E+06,0,30,0,0,2,0,0,0,0,0
66,3,65,186000,0,36,1.62E+06,1,30,0,0,11,0,0,0,0,0
67,3,68,164000,0,120,1.51E+06,1,30,0,0,9,0,0,0,0,0
68,3,71,60000,0,120,535404.3781,0,30,0,0,3,0,0,0,0,0
69,3,72,275000,0,48,2.13E+06,0,30,0,0,8,0,0,0,0,0
70,3,62,191000,0,84,1.81E+06,1,30,0,0,10,0,0,0,0,0
71,3,64,337000,0,60,3.05E+06,0,30,0,0,10,0,0,0,0,0
72,3,69,422000,0,72,3.60E+06,1,30,0,0,1,0,0,0,0,0
73,3,68,197000,0,84,1.74E+06,0,30,0,0,1,0,0,0,0,0
74,3,77,60000,0,108,471332.5265,0,30,0,0,5,0,0,0,0,0
75,3,73,137000,0,108,1.15E+06,1,30,0,0,8,0,0,0,0,0
76,3,66,303000,0,96,2.77E+06,1,30,0,0,7,0,0,0,0,0
77,3,63,450000,0,84,4.21E+06,1,30,0,0,2,0,0,0,0,0
78,3,73,224000,0,144,1.97E+06,0,30,0,0,2,0,0,0,0,0
79,3,59,208000,0,48,1.97E+06,1,30,0,0,4,0,0,0,0,0
80,3,67,85000,0,144,811810.8204,1,30,0,0,1,0,0,0,0,0
81,3,67,453000,0,72,3.98E+06,0,30,0,0,1,0,0,0,0,0
82,3,74,231000,0,120,1.94E+06,1,30,0,0,3,0,0,0,0,0
83,3,57,124000,0,0,1.15E+06,0,30,0,0,6,0,0,0,0,0
84,3,75,422000,0,156,3.65E+06,1,30,0,0,6,0,0,0,0,0
85,3,71,264000,0,108,2.29E+06,0,30,0,0,6,0,0,0,0,0
86,3,66,60000,0,72,543089.0418,1,30,0,0,7,0,0,0,0,0
87,3,69,560000,0,72,4.77E+06,1,30,0,0,3,0,0,0,0,0
88,3,77,140000,0,156,1.18E+06,1,30,0,0,9,0,0,0,0,0
89,3,79,207000,0,108,1.53E+06,0,30,0,0,5,0,0,0,0,0
90,3,74,140000,0,144,1.22E+06,0,30,0,0,5,0,0,0,0,0
91,3,79,406000,0,108,3.00E+06,0,30,0,0,9,0,0,0,0,0
92,3,80,124000,0,120,921708.4075,0,30,0,0,4,0,0,0,0,0
93,3,73,169000,0,72,1.34E+06,0,30,0,0,8,0,0,0,0,0
94,3,76,171000,0,120,1.38E+06,0,30,0,0,10,0,0,0,0,0
95,3,77,239000,0,120,1.89E+06,0,30,0,0,6,0,0,0,0,0
96,3,73,120000,0,72,954846.042,1,30,0,0,8,0,0,0,0,0
97,3,73,137000,0,120,1.17E+06,1,30,0,0,7,0,0,0,0,0
98,3,82,220000,0,192,1.78E+06,1,30,0,0,4,0,0,0,0,0
99,3,70,268000,0,36,2.12E+06,0,30,0,0,1,0,0,0,0,0
100,3,74,261000,0,144,2.26E+06,0,30,0,0,7,0,0,0,0,0
101,3,64,156000,0,12,1.33E+06,0,30,0,0,11,0,0,0,0,0
102,3,78,509000,0,132,4.02E+06,0,30,0,0,11,0,0,0,0,0
103,3,67,334000,0,96,3.02E+06,1,30,0,0,5,0,0,0,0,0
104,3,69,60000,0,0,460788.4884,1,30,0,0,10,0,0,0,0,0
105,3,67,159000,0,84,1.42E+06,0,30,0,0,8,0,0,0,0,0
106,3,69,259000,0,72,2.21E+06,1,30,0,0,8,0,0,0,0,0
107,3,67,127000,0,96,1.15E+06,0,30,0,0,7,0,0,0,0,0
108,3,77,226000,0,84,1.67E+06,1,30,0,0,8,0,0,0,0,0
109,3,65,399000,0,72,3.61E+06,1,30,0,0,10,0,0,0,0,0
110,3,76,485000,0,132,3.99E+06,0,30,0,0,10,0,0,0,0,0
111,3,69,306000,0,84,2.65E+06,0,30,0,0,4,0,0,0,0,0
112,3,68,169000,0,144,1.59E+06,1,30,0,0,5,0,0,0,0,0
113,3,72,420000,0,60,3.32E+06,1,30,0,0,3,0,0,0,0,0
114,3,64,377000,0,96,3.53E+06,0,30,0,0,7,0,0,0,0,0
115,3,73,384000,0,108,3.22E+06,1,30,0,0,6,0,0,0,0,0
116,3,76,65000,0,120,531675.7526,0,30,0,0,9,0,0,0,0,0
117,3,74,519000,0,72,4.02E+06,1,30,0,0,12,0,0,0,0,0
118,3,65,141000,0,72,1.28E+06,1,30,0,0,11,0,0,0,0,0
119,3,82,85000,0,168,664364.8281,0,30,0,0,8,0,0,0,0,0
120,3,75,392000,0,120,3.23E+06,1,30,0,0,3,0,0,0,0,0
121,3,72,220000,0,36,1.67E+06,0,30,0,0,4,0,0,0,0,0
122,3,69,395000,0,108,3.52E+06,1,30,0,0,7,0,0,0,0,0
123,3,58,445000,0,0,4.07E+06,1,30,0,0,1,0,0,0,0,0
124,3,72,402000,0,72,3.24E+06,0,30,0,0,5,0,0,0,0,0
125,3,73,141000,0,120,1.21E+06,1,30,0,0,11,0,0,0,0,0
126,3,71,174000,0,36,1.35E+06,1,30,0,0,4,0,0,0,0,0
127,3,68,264000,0,120,2.42E+06,1,30,0,0,11,0,0,0,0,0
128,3,65,75000,0,12,635442.4957,0,30,0,0,10,0,0,0,0,0
129,3,72,362000,0,48,2.80E+06,1,30,0,0,8,0,0,0,0,0
130,3,72,215000,0,120,1.87E+06,0,30,0,0,5,0,0,0,0,0
131,3,78,306000,0,96,2.26E+06,1,30,0,0,10,0,0,0,0,0
132,3,71,202000,0,120,1.78E+06,1,30,0,0,7,0,0,0,0,0
133,3,78,105000,0,96,781650.5726,1,30,0,0,4,0,0,0,0,0
134,3,56,222000,0,0,2.08E+06,1,30,0,0,12,0,0,0,0,0
135,3,69,406000,0,60,3.40E+06,0,30,0,0,7,0,0,0,0,0
136,3,59,435000,0,12,3.98E+06,1,30,0,0,8,0,0,0,0,0
137,3,67,288000,0,96,2.61E+06,1,30,0,0,4,0,0,0,0,0
138,3,67,201000,0,60,1.75E+06,0,30,0,0,8,0,0,0,0,0
139,3,63,660000,0,0,5.62E+06,1,30,0,0,2,0,0,0,0,0
140,3,72,192000,0,48,1.49E+06,1,30,0,0,8,0,0,0,0,0
141,3,61,442000,0,36,4.04E+06,0,30,0,0,2,0,0,0,0,0
142,3,74,212000,0,72,1.64E+06,0,30,0,0,4,0,0,0,0,0
143,3,77,235000,0,120,1.86E+06,1,30,0,0,5,0,0,0,0,0
144,3,73,168000,0,96,1.39E+06,1,30,0,0,9,0,0,0,0,0
145,3,66,469000,0,132,4.43E+06,1,30,0,0,5,0,0,0,0,0
146,3,77,199000,0,168,1.70E+06,1,30,0,0,6,0,0,0,0,0
147,3,62,350000,0,84,3.31E+06,0,30,0,0,5,0,0,0,0,0
148,3,73,108000,0,132,941874.4149,1,30,0,0,9,0,0,0,0,0
149,3,65,161000,0,120,1.53E+06,1,30,0,0,4,0,0,0,0,0
150,3,74,252000,0,120,2.11E+06,1,30,0,0,6,0,0,0,0,0
151,3,66,240000,0,84,2.17E+06,1,30,0,0,9,0,0,0,0,0
152,3,71,218000,0,108,1.89E+06,1,30,0,0,9,0,0,0,0,0
153,3,72,497000,0,96,4.16E+06,1,30,0,0,4,0,0,0,0,0
154,3,60,60000,0,24,557353.54,0,30,0,0,6,0,0,0,0,0
155,3,71,150000,0,144,1.36E+06,0,30,0,0,2,0,0,0,0,0
156,3,71,397000,0,156,3.63E+06,0,30,0,0,7,0,0,0,0,0
157,3,74,214000,0,72,1.66E+06,1,30,0,0,2,0,0,0,0,0
158,3,74,414000,0,60,3.13E+06,1,30,0,0,6,0,0,0,0,0
159,3,67,289000,0,72,2.54E+06,1,30,0,0,11,0,0,0,0,0
160,3,72,201000,0,192,1.89E+06,0,30,0,0,5,0,0,0,0,0
161,3,71,148000,0,72,1.22E+06,0,30,0,0,3,0,0,0,0,0
162,3,70,168000,0,144,1.54E+06,0,30,0,0,5,0,0,0,0,0
163,3,73,408000,0,144,3.59E+06,0,30,0,0,7,0,0,0,0,0
164,3,69,384000,0,132,3.51E+06,1,30,0,0,2,0,0,0,0,0
165,3,71,250000,0,96,2.13E+06,1,30,0,0,6,0,0,0,0,0
166,3,63,319000,0,0,2.72E+06,0,30,0,0,3,0,0,0,0,0
167,3,73,372000,0,96,3.06E+06,0,30,0,0,1,0,0,0,0,0
168,3,72,266000,0,84,2.19E+06,0,30,0,0,2,0,0,0,0,0
169,3,76,60000,0,156,518919.2451,0,30,0,0,4,0,0,0,0,0
170,3,61,164000,0,72,1.56E+06,0,30,0,0,10,0,0,0,0,0
171,3,71,161000,0,84,1.35E+06,0,30,0,0,9,0,0,0,0,0
172,3,76,113000,0,108,899628.1881,0,30,0,0,10,0,0,0,0,0
173,3,68,277000,0,96,2.47E+06,1,30,0,0,12,0,0,0,0,0
174,3,74,374000,0,120,3.13E+06,0,30,0,0,11,0,0,0,0,0
175,3,68,384000,0,96,3.42E+06,1,30,0,0,3,0,0,0,0,0
176,3,70,60000,0,180,576072.0432,1,30,0,0,3,0,0,0,0,0
177,3,75,209000,0,108,1.69E+06,0,30,0,0,11,0,0,0,0,0
178,3,67,334000,0,72,2.94E+06,0,30,0,0,1,0,0,0,0,0
179,3,70,76000,0,84,654894.5718,0,30,0,0,11,0,0,0,0,0
180,3,63,166000,0,84,1.56E+06,0,30,0,0,1,0,0,0,0,0
181,3,64,122000,0,96,1.15E+06,0,30,0,0,11,0,0,0,0,0
182,3,62,90000,0,60,840911.1519,0,30,0,0,2,0,0,0,0,0
183,3,60,60000,0,0,543089.0418,1,30,0,0,4,0,0,0,0,0
184,3,58,277000,0,12,2.57E+06,1,30,0,0,6,0,0,0,0,0
185,3,69,67000,0,48,558390.0029,1,30,0,0,5,0,0,0,0,0
186,3,59,377000,0,48,3.57E+06,1,30,0,0,1,0,0,0,0,0
187,3,58,145000,0,36,1.38E+06,1,30,0,0,12,0,0,0,0,0
188,3,74,60000,0,132,518919.2451,0,30,0,0,10,0,0,0,0,0
189,3,63,488000,0,96,4.61E+06,0,30,0,0,1,0,0,0,0,0
190,3,71,213000,0,120,1.88E+06,1,30,0,0,5,0,0,0,0,0
191,3,74,347000,0,108,2.86E+06,1,30,0,0,2,0,0,0,0,0
192,3,70,265000,0,120,2.37E+06,0,30,0,0,11,0,0,0,0,0
193,3,73,177000,0,132,1.54E+06,1,30,0,0,1,0,0,0,0,0
194,3,61,166000,0,0,1.46E+06,0,30,0,0,7,0,0,0,0,0
195,3,74,234000,0,48,1.73E+06,1,30,0,0,8,0,0,0,0,0
196,3,69,282000,0,84,2.44E+06,1,30,0,0,9,0,0,0,0,0
197,3,73,344000,0,156,3.07E+06,1,30,0,0,12,0,0,0,0,0
198,3,75,233000,0,120,1.92E+06,1,30,0,0,2,0,0,0,0,0
199,3,68,73000,0,48,618732.798,1,30,0,0,9,0,0,0,0,0
200,3,70,549000,0,72,4.60E+06,0,30,0,0,5,0,0,0,0,0
201,3,64,238000,0,72,2.18E+06,1,30,0,0,11,0,0,0,0,0
202,3,67,463000,0,96,4.18E+06,1,30,0,0,12,0,0,0,0,0
203,3,64,220000,0,60,1.99E+06,0,30,0,0,5,0,0,0,0,0
204,3,68,261000,0,96,2.33E+06,0,30,0,0,7,0,0,0,0,0
205,3,67,71000,0,36,602023.1002,1,30,0,0,5,0,0,0,0,0
206,3,81,106000,0,132,789022.0376,1,30,0,0,8,0,0,0,0,0
207,3,80,322000,0,144,2.49E+06,0,30,0,0,9,0,0,0,0,0
208,3,69,163000,0,168,1.55E+06,0,30,0,0,4,0,0,0,0,0
209,3,61,132000,0,36,1.21E+06,0,30,0,0,7,0,0,0,0,0
210,3,83,260000,0,192,2.06E+06,1,30,0,0,8,0,0,0,0,0
211,3,71,207000,0,132,1.85E+06,1,30,0,0,1,0,0,0,0,0
212,3,77,139000,0,96,1.06E+06,1,30,0,0,3,0,0,0,0,0
213,3,77,210000,0,96,1.59E+06,1,30,0,0,11,0,0,0,0,0
214,3,69,549000,0,108,4.89E+06,1,30,0,0,11,0,0,0,0,0
215,3,63,496000,0,96,4.69E+06,1,30,0,0,2,0,0,0,0,0
216,3,78,339000,0,144,2.74E+06,1,30,0,0,5,0,0,0,0,0
217,3,60,340000,0,24,3.11E+06,0,30,0,0,3,0,0,0,0,0
218,3,74,170000,0,96,1.38E+06,0,30,0,0,12,0,0,0,0,0
219,3,68,327000,0,72,2.83E+06,1,30,0,0,8,0,0,0,0,0
220,3,78,163000,0,96,1.21E+06,1,30,0,0,8,0,0,0,0,0
221,3,60,75000,0,12,685581.1415,1,30,0,0,12,0,0,0,0,0
222,3,71,210000,0,84,1.76E+06,1,30,0,0,7,0,0,0,0,0
223,3,64,351000,0,60,3.17E+06,0,30,0,0,12,0,0,0,0,0
224,3,65,243000,0,60,2.17E+06,0,30,0,0,10,0,0,0,0,0
225,3,69,80000,0,48,665057.6342,0,30,0,0,9,0,0,0,0,0
226,3,77,60000,0,144,500953.5861,0,30,0,0,9,0,0,0,0,0
227,3,73,401000,0,96,3.30E+06,1,30,0,0,7,0,0,0,0,0
228,3,79,143000,0,108,1.06E+06,1,30,0,0,9,0,0,0,0,0
229,3,74,60000,0,132,518919.2451,0,30,0,0,1,0,0,0,0,0
230,3,69,60000,0,168,576072.0432,1,30,0,0,9,0,0,0,0,0
231,3,75,60000,0,144,518919.2451,0,30,0,0,4,0,0,0,0,0
232,3,65,254000,0,24,2.17E+06,1,30,0,0,4,0,0,0,0,0
233,3,64,530000,0,60,4.79E+06,1,30,0,0,11,0,0,0,0,0
234,3,70,96000,0,60,796340.8727,0,30,0,0,12,0,0,0,0,0
235,3,65,357000,0,60,3.18E+06,1,30,0,0,6,0,0,0,0,0
236,3,64,131000,0,36,1.16E+06,1,30,0,0,8,0,0,0,0,0
237,3,57,589000,0,24,5.56E+06,1,30,0,0,2,0,0,0,0,0
238,3,74,168000,0,144,1.46E+06,0,30,0,0,11,0,0,0,0,0
239,3,76,273000,0,96,2.12E+06,1,30,0,0,11,0,0,0,0,0
240,3,80,299000,0,144,2.32E+06,0,30,0,0,11,0,0,0,0,0
241,3,73,467000,0,144,4.10E+06,0,30,0,0,4,0,0,0,0,0
242,3,72,150000,0,84,1.24E+06,1,30,0,0,12,0,0,0,0,0
243,3,71,240000,0,156,2.20E+06,0,30,0,0,9,0,0,0,0,0
244,3,71,98000,0,84,827604.0199,0,30,0,0,12,0,0,0,0,0
245,3,67,150000,0,60,1.30E+06,1,30,0,0,12,0,0,0,0,0
246,3,65,193000,0,84,1.77E+06,0,30,0,0,11,0,0,0,0,0
247,3,64,127000,0,60,1.15E+06,1,30,0,0,11,0,0,0,0,0
248,3,70,217000,0,84,1.85E+06,1,30,0,0,5,0,0,0,0,0
249,3,69,60000,0,84,527348.0401,1,30,0,0,6,0,0,0,0,0
250,3,71,183000,0,132,1.64E+06,1,30,0,0,5,0,0,0,0,0
1,4,53,618000,60,48,7571.347002,0,40,0,0,12,0,0,0,0,0
2,4,57,614000,240,60,1074.473193,1,40,0,0,7,0,0,0,0,0
3,4,46,354000,72,48,3413.374582,1,40,0,0,1,0,0,0,0,0
4,4,43,470000,252,48,661.7079018,0,40,0,0,9,0,0,0,0,0
5,4,34,491000,84,72,3805.936132,1,40,0,0,8,0,0,0,0,0
6,4,45,474000,60,48,5791.5537,1,40,0,0,6,0,0,0,0,0
7,4,41,549000,60,24,6695.337166,1,40,0,0,8,0,0,0,0,0
8,4,51,327000,276,96,421.0258545,1,40,0,0,6,0,0,0,0,0
9,4,59,540000,480,84,530.6602826,0,40,0,0,3,0,0,0,0,0
10,4,56,440000,60,48,5418.716527,0,40,0,0,10,0,0,0,0,0
11,4,27,838000,300,72,761.8705783,0,40,0,0,4,0,0,0,0,0
12,4,56,595000,228,108,1048.851192,0,40,0,0,7,0,0,0,0,0
13,4,45,403000,264,84,525.1081536,1,40,0,0,6,0,0,0,0,0
14,4,39,552000,276,60,630.9315841,1,40,0,0,5,0,0,0,0,0
15,4,51,325000,312,60,364.3066947,0,40,0,0,12,0,0,0,0,0
16,4,54,679000,156,72,2198.667006,0,40,0,0,8,0,0,0,0,0
17,4,50,457000,192,72,1059.364697,0,40,0,0,9,0,0,0,0,0
18,4,49,269000,144,84,993.0584879,0,40,0,0,10,0,0,0,0,0
19,4,63,536000,180,36,1656.441521,1,40,0,0,10,0,0,0,0,0
20,4,63,439000,132,36,2005.807228,1,40,0,0,2,0,0,0,0,0
21,4,55,545000,168,60,1600.673228,0,40,0,0,7,0,0,0,0,0
22,4,56,406000,204,84,888.0645663,1,40,0,0,8,0,0,0,0,0
23,4,55,317000,372,36,363.3941128,0,40,0,0,2,0,0,0,0,0
24,4,38,553000,312,48,498.3950835,0,40,0,0,10,0,0,0,0,0
25,4,41,554000,168,84,1546.41352,1,40,0,0,11,0,0,0,0,0
26,4,43,680000,288,72,717.316783,1,40,0,0,5,0,0,0,0,0
27,4,26,364000,60,48,4448.782122,1,40,0,0,9,0,0,0,0,0
28,4,66,331000,180,72,1040.598816,1,40,0,0,5,0,0,0,0,0
29,4,33,497000,60,48,6056.824795,1,40,0,0,9,0,0,0,0,0
30,4,44,765000,72,60,7309.52079,0,40,0,0,9,0,0,0,0,0
31,4,40,623000,72,60,5954.035224,1,40,0,0,8,0,0,0,0,0
32,4,44,496000,216,48,920.6992822,1,40,0,0,10,0,0,0,0,0
33,4,61,385000,300,72,583.9268505,0,40,0,0,9,0,0,0,0,0
34,4,35,557000,252,84,746.9711107,1,40,0,0,8,0,0,0,0,0
35,4,56,435000,168,12,1352.49463,1,40,0,0,6,0,0,0,0,0
36,4,52,568000,192,60,1328.014153,1,40,0,0,12,0,0,0,0,0
37,4,44,445000,324,36,413.0773312,0,40,0,0,5,0,0,0,0,0
38,4,40,773000,228,72,1249.188572,1,40,0,0,12,0,0,0,0,0
39,4,34,766000,204,12,1515.573511,0,40,0,0,12,0,0,0,0,0
40,4,39,414000,480,72,193.1454592,0,40,0,0,8,0,0,0,0,0
41,4,35,444000,168,36,1246.002961,0,40,0,0,12,0,0,0,0,0
42,4,45,328000,108,48,1810.164966,1,40,0,0,3,0,0,0,0,0
43,4,56,563000,156,24,1906.931413,0,40,0,0,6,0,0,0,0,0
44,4,30,552000,348,108,382.3055006,1,40,0,0,7,0,0,0,0,0
45,4,36,650000,168,60,1801.496233,1,40,0,0,5,0,0,0,0,0
46,4,44,463000,144,36,1673.092698,0,40,0,0,3,0,0,0,0,0
47,4,47,630000,204,36,1303.536687,0,40,0,0,10,0,0,0,0,0
48,4,47,696000,168,72,1957.010812,0,40,0,0,5,0,0,0,0,0
49,4,43,649000,144,96,2306.891823,0,40,0,0,3,0,0,0,0,0
50,4,30,365000,96,72,2358.094735,0,40,0,0,3,0,0,0,0,0
51,4,26,447000,216,48,809.2046947,0,40,0,0,3,0,0,0,0,0
52,4,57,249000,108,24,1433.520934,0,40,0,0,6,0,0,0,0,0
53,4,51,416000,192,84,968.4920312,0,40,0,0,3,0,0,0,0,0
54,4,30,741000,156,72,2305.214453,0,40,0,0,11,0,0,0,0,0
55,4,47,591000,276,60,712.659742,0,40,0,0,11,0,0,0,0,0
56,4,25,654000,60,48,7953.888456,0,40,0,0,7,0,0,0,0,0
57,4,46,383000,216,36,733.0239987,1,40,0,0,4,0,0,0,0,0
58,4,45,230000,300,72,262.0218501,1,40,0,0,6,0,0,0,0,0
59,4,40,294000,120,84,1392.487545,1,40,0,0,9,0,0,0,0,0
60,4,53,369000,144,72,1363.451981,0,40,0,0,3,0,0,0,0,0
61,4,39,351000,96,60,2272.517718,0,40,0,0,6,0,0,0,0,0
62,4,30,736000,288,96,736.0759441,0,40,0,0,7,0,0,0,0,0
63,4,50,330000,156,36,1087.697912,1,40,0,0,6,0,0,0,0,0
64,4,55,437000,60,36,5382.108297,0,40,0,0,12,0,0,0,0,0
65,4,47,581000,288,60,650.8517968,1,40,0,0,10,0,0,0,0,0
66,4,61,419000,144,48,1649.361871,1,40,0,0,7,0,0,0,0,0
67,4,30,582000,240,36,854.23316,1,40,0,0,10,0,0,0,0,0
68,4,41,720000,60,48,8760.743743,1,40,0,0,9,0,0,0,0,0
69,4,50,617000,216,12,1210.006676,0,40,0,0,2,0,0,0,0,0
70,4,29,483000,144,48,1721.039682,1,40,0,0,7,0,0,0,0,0
71,4,31,816000,300,36,750.8618275,1,40,0,0,9,0,0,0,0,0
72,4,59,695000,276,60,1064.224294,0,40,0,0,6,0,0,0,0,0
73,4,27,555000,120,48,2583.885587,1,40,0,0,8,0,0,0,0,0
74,4,29,889000,84,72,6852.395245,1,40,0,0,2,0,0,0,0,0
75,4,45,312000,216,72,594.2428199,0,40,0,0,9,0,0,0,0,0
76,4,57,528000,204,48,1199.979476,0,40,0,0,2,0,0,0,0,0
77,4,44,559000,192,84,1253.607081,1,40,0,0,2,0,0,0,0,0
78,4,52,525000,60,36,6439.41585,1,40,0,0,12,0,0,0,0,0
79,4,62,741000,60,24,9259.129222,0,40,0,0,12,0,0,0,0,0
80,4,49,589000,288,84,659.1250249,1,40,0,0,6,0,0,0,0,0
81,4,57,371000,60,36,4590.820643,1,40,0,0,1,0,0,0,0,0
82,4,41,586000,60,36,7141.205291,1,40,0,0,7,0,0,0,0,0
83,4,36,442000,180,24,1109.619715,1,40,0,0,3,0,0,0,0,0
84,4,32,401000,216,60,732.1913639,0,40,0,0,9,0,0,0,0,0
85,4,37,476000,204,60,958.0511873,0,40,0,0,8,0,0,0,0,0
86,4,56,454000,108,60,2532.743569,1,40,0,0,5,0,0,0,0,0
87,4,64,538000,252,60,1111.386833,1,40,0,0,12,0,0,0,0,0
88,4,53,459000,192,36,1105.601096,1,40,0,0,1,0,0,0,0,0
89,4,37,492000,276,72,561.6155753,1,40,0,0,7,0,0,0,0,0
90,4,51,673000,348,60,600.0949073,0,40,0,0,12,0,0,0,0,0
91,4,41,201000,204,24,438.3266236,0,40,0,0,1,0,0,0,0,0
92,4,49,423000,276,60,536.6968791,0,40,0,0,2,0,0,0,0,0
93,4,41,455000,108,72,2481.395909,1,40,0,0,3,0,0,0,0,0
94,4,38,480000,276,72,550.8559173,1,40,0,0,5,0,0,0,0,0
95,4,43,767000,312,72,687.7765294,0,40,0,0,4,0,0,0,0,0
96,4,49,723000,204,96,1466.439952,0,40,0,0,12,0,0,0,0,0
97,4,31,539000,252,72,722.0922799,0,40,0,0,4,0,0,0,0,0
98,4,60,698000,204,96,1546.808334,0,40,0,0,5,0,0,0,0,0
99,4,51,522000,96,24,3406.099811,0,40,0,0,12,0,0,0,0,0
100,4,44,469000,288,48,523.3641588,0,40,0,0,3,0,0,0,0,0
101,4,31,642000,456,60,261.9496994,0,40,0,0,6,0,0,0,0,0
102,4,40,559000,96,84,3591.032841,1,40,0,0,2,0,0,0,0,0
103,4,55,767000,60,48,9399.975752,1,40,0,0,4,0,0,0,0,0
104,4,60,471000,312,60,679.5195837,1,40,0,0,8,0,0,0,0,0
105,4,35,592000,240,84,869.0255383,0,40,0,0,4,0,0,0,0,0
106,4,54,525000,192,72,1239.284994,0,40,0,0,11,0,0,0,0,0
107,4,37,199000,216,72,388.6482104,0,40,0,0,11,0,0,0,0,0
108,4,45,367000,240,60,577.9284461,0,40,0,0,6,0,0,0,0,0
109,4,65,507000,204,60,1355.83021,1,40,0,0,10,0,0,0,0,0
110,4,42,505000,228,108,830.6512376,0,40,0,0,1,0,0,0,0,0
111,4,62,486000,264,24,1013.068341,1,40,0,0,10,0,0,0,0,0
112,4,46,523000,60,48,6387.975298,0,40,0,0,1,0,0,0,0,0
113,4,65,747000,180,60,2290.308891,1,40,0,0,10,0,0,0,0,0
114,4,56,366000,132,24,1581.763098,1,40,0,0,11,0,0,0,0,0
115,4,62,432000,324,72,640.2910719,1,40,0,0,8,0,0,0,0,0
116,4,70,678000,228,120,1594.033156,1,40,0,0,5,0,0,0,0,0
117,4,40,663000,192,48,1474.844068,0,40,0,0,4,0,0,0,0,0
118,4,51,429000,384,60,359.7487512,1,40,0,0,3,0,0,0,0,0
119,4,44,474000,300,84,477.7183924,1,40,0,0,11,0,0,0,0,0
120,4,29,630000,156,36,1967.259935,0,40,0,0,12,0,0,0,0,0
121,4,63,216000,252,36,494.6424996,0,40,0,0,4,0,0,0,0,0
122,4,43,252000,420,48,177.761317,1,40,0,0,7,0,0,0,0,0
123,4,48,191000,264,36,290.9653707,1,40,0,0,2,0,0,0,0,0
124,4,36,527000,108,60,2862.771806,0,40,0,0,5,0,0,0,0,0
125,4,58,367000,264,72,581.638719,1,40,0,0,1,0,0,0,0,0
126,4,45,459000,384,72,314.2468668,1,40,0,0,9,0,0,0,0,0
127,4,41,305000,168,84,871.9317236,0,40,0,0,11,0,0,0,0,0
128,4,29,834000,96,36,5329.737149,0,40,0,0,4,0,0,0,0,0
129,4,56,413000,300,36,574.7416949,1,40,0,0,7,0,0,0,0,0
130,4,45,661000,216,84,1201.456025,1,40,0,0,12,0,0,0,0,0
131,4,54,398000,312,72,455.181743,1,40,0,0,8,0,0,0,0,0
132,4,48,208000,252,60,328.947646,0,40,0,0,2,0,0,0,0,0
133,4,64,284000,60,48,3579.365395,0,40,0,0,5,0,0,0,0,0
134,4,62,432000,192,24,1245.327824,1,40,0,0,4,0,0,0,0,0
135,4,49,417000,60,36,5115.853075,0,40,0,0,5,0,0,0,0,0
136,4,59,483000,360,84,538.5305047,1,40,0,0,7,0,0,0,0,0
137,4,26,722000,96,48,4619.813744,0,40,0,0,12,0,0,0,0,0
138,4,29,487000,204,96,972.8991415,0,40,0,0,7,0,0,0,0,0
139,4,65,390000,240,84,827.3695936,0,40,0,0,7,0,0,0,0,0
140,4,51,242000,156,24,816.2641113,1,40,0,0,1,0,0,0,0,0
141,4,50,843000,228,72,1426.410063,0,40,0,0,9,0,0,0,0,0
142,4,36,643000,288,48,662.6160577,1,40,0,0,4,0,0,0,0,0
143,4,40,533000,60,48,6496.872887,0,40,0,0,1,0,0,0,0,0
144,4,63,344000,96,60,2336.878812,1,40,0,0,5,0,0,0,0,0
145,4,53,707000,264,84,957.5015902,0,40,0,0,7,0,0,0,0,0
146,4,47,347000,216,48,668.5673072,1,40,0,0,5,0,0,0,0,0
147,4,61,401000,60,48,4989.119842,1,40,0,0,4,0,0,0,0,0
148,4,36,457000,60,48,5574.457887,1,40,0,0,5,0,0,0,0,0
149,4,49,609000,60,36,7448.57967,1,40,0,0,5,0,0,0,0,0
150,4,47,334000,252,84,487.330315,0,40,0,0,4,0,0,0,0,0
151,4,35,271000,60,48,3325.477661,1,40,0,0,5,0,0,0,0,0
152,4,51,466000,60,48,5714.980326,0,40,0,0,12,0,0,0,0,0
153,4,63,249000,156,36,942.6385105,1,40,0,0,4,0,0,0,0,0
154,4,51,743000,84,36,5800.313422,0,40,0,0,3,0,0,0,0,0
155,4,34,695000,288,84,702.115527,1,40,0,0,8,0,0,0,0,0
156,4,47,607000,240,12,971.4520032,0,40,0,0,10,0,0,0,0,0
157,4,51,681000,228,48,1193.55671,1,40,0,0,12,0,0,0,0,0
158,4,63,276000,84,72,2233.285155,1,40,0,0,6,0,0,0,0,0
159,4,41,461000,300,60,462.4987486,1,40,0,0,3,0,0,0,0,0
160,4,68,389000,288,96,772.1040487,1,40,0,0,7,0,0,0,0,0
161,4,63,462000,204,72,1143.039717,0,40,0,0,10,0,0,0,0,0
162,4,41,511000,144,84,1824.431456,1,40,0,0,8,0,0,0,0,0
163,4,59,1039000,288,84,1386.887836,0,40,0,0,6,0,0,0,0,0
164,4,50,288000,60,48,3548.552394,1,40,0,0,10,0,0,0,0,0
165,4,47,479000,132,84,1964.396731,0,40,0,0,12,0,0,0,0,0
166,4,53,541000,180,84,1397.17591,0,40,0,0,4,0,0,0,0,0
167,4,40,555000,60,48,6762.996831,0,40,0,0,3,0,0,0,0,0
168,4,52,653000,108,24,3610.556437,0,40,0,0,12,0,0,0,0,0
169,4,44,412000,156,48,1319.309688,0,40,0,0,8,0,0,0,0,0
170,4,46,402000,168,72,1146.733755,0,40,0,0,5,0,0,0,0,0
171,4,49,585000,132,60,2406.928315,0,40,0,0,12,0,0,0,0,0
172,4,50,347000,156,60,1133.315389,0,40,0,0,7,0,0,0,0,0
173,4,25,210000,348,48,178.0277141,1,40,0,0,6,0,0,0,0,0
174,4,26,807000,204,60,1581.383588,0,40,0,0,7,0,0,0,0,0
175,4,42,581000,60,24,7085.059073,1,40,0,0,7,0,0,0,0,0
176,4,40,614000,312,60,551.5448855,1,40,0,0,12,0,0,0,0,0
177,4,38,469000,192,60,1051.343982,0,40,0,0,10,0,0,0,0,0
178,4,40,365000,216,24,684.6089327,0,40,0,0,7,0,0,0,0,0
179,4,46,533000,432,84,304.4242455,0,40,0,0,2,0,0,0,0,0
180,4,43,352000,168,48,1007.478718,1,40,0,0,11,0,0,0,0,0
181,4,64,330000,84,48,2702.764135,0,40,0,0,4,0,0,0,0,0
182,4,45,545000,72,48,5226.229967,0,40,0,0,12,0,0,0,0,0
183,4,51,621000,60,48,7599.431241,1,40,0,0,2,0,0,0,0,0
184,4,32,606000,264,12,742.488776,1,40,0,0,11,0,0,0,0,0
185,4,52,583000,312,60,627.4762839,0,40,0,0,5,0,0,0,0,0
186,4,55,567000,180,60,1496.965237,1,40,0,0,9,0,0,0,0,0
187,4,64,303000,228,48,738.6687906,1,40,0,0,9,0,0,0,0,0
188,4,49,171000,156,36,583.4938756,0,40,0,0,3,0,0,0,0,0
189,4,51,423000,336,72,404.3293097,1,40,0,0,6,0,0,0,0,0
190,4,49,535000,252,72,769.6662259,0,40,0,0,7,0,0,0,0,0
191,4,26,597000,348,60,409.1841567,1,40,0,0,9,0,0,0,0,0
192,4,59,458000,156,72,1545.04394,1,40,0,0,3,0,0,0,0,0
193,4,52,313000,228,96,559.6100908,1,40,0,0,3,0,0,0,0,0
194,4,46,499000,96,0,3244.597372,0,40,0,0,4,0,0,0,0,0
195,4,52,573000,120,48,2725.72923,1,40,0,0,10,0,0,0,0,0
196,4,44,600000,264,48,768.5477031,1,40,0,0,12,0,0,0,0,0
197,4,50,669000,264,36,922.2278804,1,40,0,0,5,0,0,0,0,0
198,4,39,388000,60,48,4742.039271,1,40,0,0,1,0,0,0,0,0
199,4,42,557000,168,72,1558.763142,1,40,0,0,9,0,0,0,0,0
200,4,37,314000,60,48,3846.005812,0,40,0,0,8,0,0,0,0,0
201,4,46,321000,180,108,822.6021023,1,40,0,0,7,0,0,0,0,0
202,4,38,752000,408,72,385.432635,0,40,0,0,12,0,0,0,0,0
203,4,51,309000,108,24,1729.420515,0,40,0,0,4,0,0,0,0,0
204,4,32,583000,84,48,4510.378784,1,40,0,0,11,0,0,0,0,0
205,4,48,565000,192,0,1330.165974,0,40,0,0,3,0,0,0,0,0
206,4,58,539000,144,96,1991.29544,1,40,0,0,11,0,0,0,0,0
207,4,46,639000,60,48,7793.846374,1,40,0,0,10,0,0,0,0,0
208,4,27,294000,168,24,837.9197063,1,40,0,0,4,0,0,0,0,0
209,4,38,441000,72,24,4229.565458,1,40,0,0,7,0,0,0,0,0
210,4,26,521000,216,60,935.2344973,0,40,0,0,12,0,0,0,0,0
211,4,23,633000,120,24,2940.711439,1,40,0,0,2,0,0,0,0,0
212,4,33,439000,216,60,797.6889866,0,40,0,0,12,0,0,0,0,0
213,4,38,399000,360,0,303.3457589,1,40,0,0,5,0,0,0,0,0
214,4,26,794000,312,60,666.4467369,0,40,0,0,9,0,0,0,0,0
215,4,41,709000,156,24,2233.061843,0,40,0,0,3,0,0,0,0,0
216,4,51,482000,264,36,688.8842867,1,40,0,0,11,0,0,0,0,0
217,4,42,233000,168,48,680.9776009,0,40,0,0,7,0,0,0,0,0
218,4,48,404000,252,48,598.8300759,0,40,0,0,5,0,0,0,0,0
219,4,54,799000,336,84,758.3972195,1,40,0,0,10,0,0,0,0,0
220,4,30,663000,204,48,1309.068923,1,40,0,0,9,0,0,0,0,0
221,4,45,420000,108,48,2305.178894,0,40,0,0,3,0,0,0,0,0
222,4,56,251000,72,24,2466.796399,1,40,0,0,6,0,0,0,0,0
223,4,62,167000,60,48,2112.184932,0,40,0,0,11,0,0,0,0,0
224,4,39,660000,228,36,1079.866018,0,40,0,0,3,0,0,0,0,0
225,4,30,598000,264,72,725.3135049,0,40,0,0,2,0,0,0,0,0
226,4,35,430000,144,72,1538.381872,1,40,0,0,7,0,0,0,0,0
227,4,31,692000,144,0,2450.045616,1,40,0,0,3,0,0,0,0,0
228,4,44,299000,300,84,320.0091518,0,40,0,0,11,0,0,0,0,0
229,4,31,568000,264,108,690.6183058,0,40,0,0,12,0,0,0,0,0
230,4,41,420000,60,48,5131.024583,0,40,0,0,12,0,0,0,0,0
231,4,52,622000,420,84,439.6952255,0,40,0,0,4,0,0,0,0,0
232,4,53,678000,108,60,3733.774207,1,40,0,0,2,0,0,0,0,0
233,4,45,408000,60,36,4994.2238,0,40,0,0,2,0,0,0,0,0
234,4,26,256000,144,48,933.3155349,1,40,0,0,5,0,0,0,0,0
235,4,64,429000,312,48,809.8882133,1,40,0,0,8,0,0,0,0,0
236,4,29,321000,120,96,1513.515817,0,40,0,0,9,0,0,0,0,0
237,4,67,574000,312,96,1006.499758,1,40,0,0,12,0,0,0,0,0
238,4,48,724000,72,60,6936.193418,0,40,0,0,2,0,0,0,0,0
239,4,43,315000,240,36,502.8676354,0,40,0,0,11,0,0,0,0,0
240,4,61,767000,288,12,1474.674289,1,40,0,0,12,0,0,0,0,0
241,4,53,476000,228,72,848.6191392,1,40,0,0,7,0,0,0,0,0
242,4,38,306000,168,60,873.7267255,1,40,0,0,4,0,0,0,0,0
243,4,36,700000,60,48,8512.284436,1,40,0,0,1,0,0,0,0,0
244,4,59,444000,108,36,2535.233481,1,40,0,0,6,0,0,0,0,0
245,4,51,385000,60,36,4733.099587,0,40,0,0,5,0,0,0,0,0
246,4,44,599000,264,60,761.6598763,1,40,0,0,1,0,0,0,0,0
247,4,51,545000,60,48,6675.442405,1,40,0,0,9,0,0,0,0,0
248,4,66,550000,396,72,956.926261,1,40,0,0,3,0,0,0,0,0
249,4,66,348000,132,72,1599.447955,0,40,0,0,12,0,0,0,0,0
250,4,55,590000,168,84,1710.977787,1,40,0,0,8,0,0,0,0,0
