" 262,973 "," 155,332 "," 217,208 "," 492,470 "
" 246,515 "," 153,202 "," 234,176 "," 619,557 "
" 110,269 "," 77,555 "," 110,269 "," 316,688 "
" 570,146 "," 420,819 "," 570,146 "," 977,463 "
" 301,956 "," 200,860 "," 297,433 "," 537,964 "
" 291,364 "," 229,312 "," 291,364 "," 461,773 "
" 234,454 "," 160,178 "," 234,454 "," 538,085 "
" 193,996 "," 137,435 "," 191,080 "," 357,235 "
" 167,928 "," 116,905 "," 167,928 "," 428,002 "
" 208,802 "," 149,290 "," 205,669 "," 368,777 "
" 300,946 "," 220,957 "," 299,442 "," 497,783 "
" 306,857 "," 208,926 "," 306,857 "," 552,788 "
" 181,300 "," 119,652 "," 175,820 "," 544,224 "
" 63,629 "," 39,892 "," 57,043 "," 237,859 "
" 305,246 "," 206,780 "," 305,246 "," 561,320 "
" 176,269 "," 113,107 "," 170,967 "," 375,907 "
" 201,347 "," 122,623 "," 200,334 "," 649,417 "
" 208,987 "," 166,969 "," 208,987 "," 276,406 "
" 330,269 "," 238,161 "," 330,269 "," 582,473 "
" 194,702 "," 117,526 "," 174,871 "," 342,930 "
" 288,529 "," 212,202 "," 288,529 "," 479,923 "
" 325,957 "," 235,881 "," 324,325 "," 571,580 "
" 308,765 "," 199,282 "," 308,765 "," 759,109 "
" 135,899 "," 88,982 "," 135,215 "," 330,521 "
" 624,275 "," 495,134 "," 624,275 "," 912,956 "
" 419,292 "," 315,935 "," 419,292 "," 599,655 "
" 261,909 "," 173,276 "," 261,909 "," 610,378 "
" 219,645 "," 139,230 "," 216,328 "," 572,920 "
" 369,313 "," 308,567 "," 369,313 "," 517,376 "
" 179,414 "," 116,369 "," 176,707 "," 398,042 "
" 133,293 "," 84,112 "," 133,293 "," 421,156 "
" 274,590 "," 186,161 "," 274,590 "," 644,504 "
" 203,788 "," 129,706 "," 197,648 "," 475,453 "
" 369,292 "," 254,122 "," 369,292 "," 662,139 "
" 293,675 "," 220,044 "," 293,675 "," 427,044 "
" 625,150 "," 483,382 "," 625,150 "," 928,380 "
" 344,927 "," 256,648 "," 344,927 "," 561,534 "
" 127,401 "," 94,120 "," 127,401 "," 259,603 "
" 144,918 "," 103,952 "," 144,918 "," 312,356 "
" 408,428 "," 303,296 "," 408,428 "," 676,173 "
" 187,256 "," 125,702 "," 187,256 "," 391,529 "
" 319,989 "," 243,650 "," 318,403 "," 460,181 "
" 377,897 "," 245,435 "," 339,645 "," 613,371 "
" 123,388 "," 79,342 "," 121,521 "," 340,233 "
" 330,888 "," 254,140 "," 330,888 "," 565,602 "
" 367,448 "," 263,940 "," 367,448 "," 604,831 "
" 188,484 "," 142,335 "," 188,484 "," 306,286 "
" 489,007 "," 393,754 "," 489,007 "," 744,004 "
" 369,303 "," 292,863 "," 369,303 "," 510,909 "
" 103,937 "," 66,618 "," 102,364 "," 316,618 "
" 156,702 "," 114,283 "," 156,702 "," 348,261 "
" 387,652 "," 312,895 "," 387,652 "," 526,874 "
" 121,247 "," 84,921 "," 121,247 "," 347,495 "
" 669,937 "," 502,525 "," 669,937 "," 906,435 "
" 285,203 "," 195,010 "," 285,203 "," 625,599 "
" 302,695 "," 238,222 "," 302,695 "," 472,137 "
" 398,765 "," 307,827 "," 398,765 "," 646,535 "
" 286,088 "," 216,165 "," 286,088 "," 476,250 "
" 171,858 "," 122,403 "," 171,858 "," 362,891 "
" 378,176 "," 276,692 "," 378,176 "," 683,809 "
" 298,826 "," 226,731 "," 298,826 "," 513,810 "
" 160,846 "," 104,811 "," 160,846 "," 426,227 "
" 152,851 "," 112,289 "," 152,851 "," 277,741 "
" 118,333 "," 81,694 "," 118,333 "," 358,442 "
" 551,526 "," 433,668 "," 551,526 "," 846,134 "
" 147,158 "," 84,125 "," 132,029 "," 530,231 "
" 139,030 "," 94,334 "," 139,030 "," 331,525 "
" 161,244 "," 114,369 "," 161,244 "," 356,618 "
" 235,948 "," 157,897 "," 232,416 "," 412,332 "
" 191,536 "," 134,458 "," 191,536 "," 424,783 "
" 713,915 "," 571,656 "," 713,915 "," 979,869 "
" 146,902 "," 90,877 "," 142,470 "," 457,170 "
" 120,601 "," 72,277 "," 111,614 "," 416,109 "
" 351,965 "," 231,587 "," 341,494 "," 605,393 "
" 274,479 "," 198,011 "," 274,479 "," 560,162 "
" 154,867 "," 106,872 "," 154,867 "," 434,366 "
" 126,739 "," 87,276 "," 126,100 "," 343,488 "
" 491,544 "," 400,174 "," 491,544 "," 733,973 "
" 249,636 "," 150,597 "," 224,131 "," 457,122 "
" 197,132 "," 131,834 "," 197,132 "," 489,865 "
" 122,333 "," 88,035 "," 122,333 "," 314,788 "
" 349,815 "," 233,377 "," 349,815 "," 758,968 "
" 102,694 "," 64,540 "," 84,662 "," 337,671 "
" 110,722 "," 81,236 "," 110,722 "," 242,249 "
" 178,977 "," 124,233 "," 178,977 "," 376,536 "
" 95,193 "," 60,312 "," 93,754 "," 319,310 "
" 378,183 "," 279,205 "," 378,183 "," 681,019 "
" 141,941 "," 97,186 "," 137,659 "," 306,961 "
" 147,143 "," 78,055 "," 108,148 "," 317,695 "
" 285,021 "," 219,031 "," 285,021 "," 448,524 "
" 151,822 "," 104,365 "," 151,822 "," 269,051 "
" 174,159 "," 115,615 "," 161,189 "," 349,549 "
" 464,112 "," 356,316 "," 464,112 "," 779,254 "
" 133,725 "," 82,773 "," 123,715 "," 374,032 "
" 128,867 "," 88,445 "," 126,916 "," 334,329 "
" 136,248 "," 90,312 "," 126,022 "," 335,674 "
" 499,859 "," 376,121 "," 499,859 "," 860,894 "
" 273,523 "," 195,367 "," 273,523 "," 572,956 "
" 359,498 "," 244,226 "," 359,498 "," 789,013 "
" 190,755 "," 143,617 "," 190,755 "," 374,664 "
" 182,808 "," 127,266 "," 181,888 "," 407,685 "
" 106,689 "," 73,764 "," 106,689 "," 311,005 "
" 87,177 "," 59,883 "," 87,177 "," 288,860 "
" 124,012 "," 80,514 "," 114,711 "," 406,691 "
" 409,833 "," 310,279 "," 409,833 "," 692,477 "
" 529,564 "," 388,545 "," 529,564 "," 729,253 "
" 179,909 "," 115,979 "," 177,193 "," 427,831 "
" 398,811 "," 309,298 "," 398,811 "," 610,506 "
" 247,533 "," 174,555 "," 247,533 "," 511,981 "
" 189,827 "," 125,497 "," 189,827 "," 475,310 "
" 207,664 "," 160,518 "," 207,664 "," 373,752 "
" 130,888 "," 77,469 "," 117,343 "," 443,325 "
" 190,597 "," 143,204 "," 190,597 "," 341,993 "
" 111,466 "," 64,665 "," 100,010 "," 411,309 "
" 372,824 "," 280,264 "," 372,824 "," 741,233 "
" 282,707 "," 181,236 "," 281,285 "," 698,478 "
" 140,700 "," 100,947 "," 140,700 "," 338,092 "
" 344,171 "," 257,185 "," 344,171 "," 662,290 "
" 112,363 "," 71,758 "," 96,853 "," 357,237 "
" 128,117 "," 86,056 "," 128,117 "," 314,973 "
" 335,299 "," 251,510 "," 335,299 "," 644,005 "
" 249,893 "," 180,880 "," 249,893 "," 520,052 "
" 162,932 "," 106,332 "," 160,477 "," 338,163 "
" 229,660 "," 127,367 "," 189,976 "," 457,172 "
" 332,299 "," 223,237 "," 330,635 "," 601,097 "
" 379,687 "," 277,399 "," 379,687 "," 554,987 "
" 153,619 "," 102,706 "," 153,619 "," 401,590 "
" 276,020 "," 159,551 "," 238,771 "," 510,269 "
" 246,890 "," 169,722 "," 246,890 "," 541,175 "
" 614,748 "," 514,488 "," 614,748 "," 838,287 "
" 618,417 "," 514,915 "," 618,417 "," 813,323 "
" 267,581 "," 185,243 "," 267,581 "," 517,174 "
" 180,650 "," 129,544 "," 180,650 "," 379,685 "
" 145,663 "," 91,410 "," 145,663 "," 459,529 "
" 188,749 "," 125,205 "," 188,749 "," 432,545 "
" 135,328 "," 95,562 "," 135,328 "," 321,883 "
" 216,343 "," 139,256 "," 216,343 "," 609,504 "
" 381,171 "," 265,724 "," 375,567 "," 545,472 "
" 216,927 "," 160,272 "," 216,927 "," 337,394 "
" 349,225 "," 264,464 "," 349,225 "," 590,341 "
" 220,962 "," 155,671 "," 220,962 "," 380,055 "
" 274,406 "," 181,362 "," 266,252 "," 463,184 "
" 282,664 "," 190,617 "," 282,664 "," 530,918 "
" 160,392 "," 103,475 "," 157,969 "," 391,014 "
" 480,996 "," 358,104 "," 480,996 "," 689,562 "
" 295,734 "," 201,390 "," 295,734 "," 532,832 "
" 69,767 "," 48,081 "," 68,709 "," 245,514 "
" 610,446 "," 425,521 "," 601,473 "," 873,184 "
" 361,838 "," 254,535 "," 361,838 "," 667,596 "
" 167,217 "," 101,367 "," 164,694 "," 555,120 "
" 183,087 "," 118,101 "," 182,166 "," 465,138 "
" 386,519 "," 271,610 "," 386,519 "," 700,267 "
" 691,329 "," 565,151 "," 691,329 "," 932,737 "
" 107,899 "," 78,188 "," 107,899 "," 254,302 "
" 311,469 "," 243,266 "," 311,469 "," 465,005 "
" 289,608 "," 198,983 "," 289,608 "," 607,987 "
" 121,914 "," 77,235 "," 118,230 "," 354,327 "
" 568,711 "," 458,544 "," 568,711 "," 759,748 "
" 160,272 "," 127,512 "," 160,272 "," 262,040 "
" 140,702 "," 101,025 "," 140,702 "," 316,636 "
" 378,656 "," 271,171 "," 376,784 "," 531,349 "
" 402,249 "," 302,760 "," 402,249 "," 641,452 "
" 383,653 "," 289,217 "," 383,653 "," 601,766 "
" 172,973 "," 113,020 "," 172,973 "," 427,611 "
" 123,709 "," 79,019 "," 106,596 "," 318,382 "
" 191,202 "," 129,257 "," 191,202 "," 443,187 "
" 475,563 "," 356,703 "," 475,563 "," 643,583 "
" 331,420 "," 226,385 "," 314,959 "," 616,881 "
" 254,347 "," 180,130 "," 254,347 "," 452,331 "
" 112,664 "," 76,665 "," 112,664 "," 360,985 "
" 132,607 "," 87,012 "," 132,607 "," 376,388 "
" 183,885 "," 128,938 "," 183,885 "," 455,198 "
" 291,946 "," 207,060 "," 291,946 "," 639,632 "
" 490,835 "," 367,463 "," 490,835 "," 692,709 "
" 267,885 "," 206,268 "," 267,885 "," 387,171 "
" 152,899 "," 106,354 "," 152,899 "," 382,492 "
" 205,562 "," 135,663 "," 205,562 "," 481,824 "
" 157,223 "," 101,927 "," 140,808 "," 408,829 "
" 496,128 "," 386,845 "," 496,128 "," 714,160 "
" 125,996 "," 69,640 "," 99,251 "," 453,703 "
" 187,337 "," 135,587 "," 187,337 "," 283,716 "
" 319,605 "," 219,842 "," 319,605 "," 595,309 "
" 295,093 "," 221,438 "," 295,093 "," 537,520 "
" 124,550 "," 78,053 "," 123,923 "," 404,651 "
" 219,389 "," 161,808 "," 219,389 "," 411,322 "
" 174,955 "," 124,968 "," 174,955 "," 419,080 "
" 285,238 "," 208,947 "," 285,238 "," 545,349 "
" 116,810 "," 79,516 "," 113,273 "," 312,675 "
" 112,226 "," 72,613 "," 111,661 "," 324,086 "
" 370,208 "," 249,565 "," 370,208 "," 782,349 "
" 158,171 "," 97,565 "," 157,375 "," 511,808 "
" 273,624 "," 210,250 "," 273,624 "," 460,187 "
" 165,891 "," 110,742 "," 160,983 "," 265,091 "
" 277,071 "," 186,182 "," 277,071 "," 552,625 "
" 78,819 "," 53,611 "," 77,624 "," 276,402 "
" 116,363 "," 81,035 "," 116,363 "," 343,041 "
" 432,967 "," 328,872 "," 432,967 "," 706,279 "
" 110,549 "," 72,716 "," 110,549 "," 316,421 "
" 398,772 "," 316,236 "," 398,772 "," 551,633 "
" 131,430 "," 70,672 "," 108,982 "," 227,805 "
" 424,041 "," 346,377 "," 424,041 "," 614,699 "
" 292,595 "," 202,431 "," 292,595 "," 565,226 "
" 362,209 "," 242,896 "," 362,209 "," 721,434 "
" 182,907 "," 130,544 "," 182,907 "," 437,881 "
" 222,308 "," 150,657 "," 222,308 "," 471,411 "
" 185,824 "," 137,309 "," 185,824 "," 399,681 "
" 431,550 "," 335,675 "," 431,550 "," 608,200 "
" 182,967 "," 119,324 "," 182,967 "," 492,998 "
" 291,751 "," 203,246 "," 291,751 "," 659,888 "
" 155,718 "," 101,148 "," 155,718 "," 422,983 "
" 182,304 "," 124,797 "," 182,304 "," 533,251 "
" 100,787 "," 64,957 "," 95,781 "," 186,756 "
" 172,114 "," 95,763 "," 142,339 "," 343,130 "
" 172,549 "," 113,648 "," 167,402 "," 303,576 "
" 268,559 "," 178,920 "," 248,635 "," 515,070 "
" 608,902 "," 486,550 "," 608,902 "," 847,444 "
" 474,239 "," 349,499 "," 471,870 "," 769,076 "
" 76,341 "," 47,444 "," 70,647 "," 277,454 "
" 307,889 "," 249,872 "," 307,889 "," 453,979 "
" 137,645 "," 90,687 "," 136,952 "," 464,275 "
" 139,905 "," 92,091 "," 139,201 "," 471,773 "
" 311,591 "," 215,030 "," 310,024 "," 708,113 "
" 181,561 "," 127,678 "," 180,649 "," 370,133 "
" 296,331 "," 212,635 "," 296,331 "," 644,579 "
" 307,807 "," 242,256 "," 307,807 "," 512,011 "
" 364,909 "," 283,641 "," 364,909 "," 590,178 "
" 283,584 "," 193,608 "," 283,584 "," 585,137 "
" 252,172 "," 171,985 "," 248,420 "," 400,256 "
" 109,862 "," 68,868 "," 101,628 "," 294,025 "
" 486,027 "," 337,271 "," 486,027 "," 952,206 "
" 191,801 "," 115,787 "," 171,881 "," 501,566 "
" 405,268 "," 276,195 "," 405,268 "," 801,092 "
" 306,252 "," 209,258 "," 291,039 "," 570,191 "
" 138,499 "," 91,469 "," 138,499 "," 382,449 "
" 232,578 "," 156,944 "," 232,578 "," 483,609 "
" 138,748 "," 87,114 "," 131,787 "," 376,550 "
" 149,205 "," 100,592 "," 149,205 "," 356,249 "
" 232,997 "," 150,437 "," 229,484 "," 515,744 "
" 243,093 "," 174,093 "," 241,892 "," 341,333 "
" 210,650 "," 136,870 "," 189,022 "," 376,791 "
" 134,291 "," 81,357 "," 124,261 "," 432,325 "
" 497,366 "," 426,809 "," 497,366 "," 665,448 "
" 105,970 "," 79,567 "," 105,970 "," 206,633 "
" 194,768 "," 136,564 "," 194,768 "," 491,959 "
" 132,707 "," 66,656 "," 98,123 "," 290,835 "
" 146,786 "," 89,721 "," 144,570 "," 488,226 "
" 134,346 "," 91,937 "," 130,288 "," 304,251 "
" 175,267 "," 111,372 "," 175,267 "," 522,480 "
" 197,949 "," 122,261 "," 197,949 "," 621,724 "
" 175,759 "," 109,168 "," 175,759 "," 552,890 "
" 7,827 "," 9,787 "," 6,649 "," 33,028 "
" 6,770 "," 5,555 "," 6,770 "," 12,214 "
" 6,571 "," 8,242 "," 6,467 "," 23,901 "
" 7,289 "," 7,934 "," 7,289 "," 23,166 "
" 5,622 "," 5,260 "," 5,622 "," 13,986 "
" 7,445 "," 5,791 "," 7,445 "," 12,269 "
" 7,242 "," 8,132 "," 7,242 "," 25,388 "
" 6,543 "," 6,608 "," 6,543 "," 18,984 "
" 7,445 "," 5,791 "," 7,445 "," 12,269 "
" 6,872 "," 5,584 "," 6,872 "," 12,083 "
" 8,041 "," 10,023 "," 7,392 "," 33,332 "
" 6,819 "," 7,051 "," 6,819 "," 20,214 "
" 7,036 "," 5,488 "," 7,036 "," 12,619 "
" 5,593 "," 6,132 "," 5,504 "," 16,640 "
" 7,767 "," 6,922 "," 7,767 "," 18,619 "
" 5,795 "," 6,896 "," 5,795 "," 19,636 "
" 7,577 "," 9,319 "," 7,457 "," 29,916 "
" 5,578 "," 6,247 "," 5,397 "," 17,067 "
" 6,843 "," 8,242 "," 6,843 "," 25,724 "
" 7,019 "," 8,991 "," 6,982 "," 26,694 "
" 5,588 "," 5,446 "," 5,588 "," 14,814 "
" 5,645 "," 5,349 "," 5,645 "," 13,929 "
" 5,729 "," 4,877 "," 5,639 "," 12,232 "
" 7,062 "," 5,801 "," 7,062 "," 12,331 "
" 9,162 "," 7,038 "," 9,162 "," 15,255 "
" 7,233 "," 5,702 "," 7,007 "," 14,456 "
" 6,599 "," 7,874 "," 6,599 "," 24,372 "
" 5,333 "," 5,714 "," 5,042 "," 15,446 "
" 5,432 "," 6,439 "," 4,801 "," 18,033 "
" 7,653 "," 9,115 "," 7,408 "," 29,195 "
" 6,794 "," 8,630 "," 6,794 "," 25,405 "
" 6,274 "," 7,110 "," 6,274 "," 20,017 "
" 8,041 "," 10,023 "," 7,392 "," 33,332 "
" 5,658 "," 4,743 "," 5,479 "," 12,005 "
" 6,553 "," 8,242 "," 6,553 "," 24,076 "
" 5,418 "," 5,670 "," 5,243 "," 15,212 "
" 6,346 "," 5,352 "," 6,346 "," 12,508 "
" 6,081 "," 5,249 "," 6,081 "," 12,779 "
" 5,388 "," 5,688 "," 5,388 "," 16,589 "
" 6,553 "," 8,242 "," 6,553 "," 24,076 "
" 7,538 "," 9,841 "," 7,132 "," 30,125 "
" 5,548 "," 5,517 "," 5,548 "," 15,231 "
" 7,540 "," 6,192 "," 7,540 "," 14,616 "
" 9,107 "," 7,279 "," 9,107 "," 13,223 "
" 6,553 "," 8,242 "," 6,553 "," 24,076 "
" 6,133 "," 7,527 "," 6,133 "," 21,688 "
" 5,473 "," 5,224 "," 5,178 "," 13,953 "
" 6,481 "," 5,316 "," 6,481 "," 12,107 "
" 7,695 "," 10,194 "," 6,216 "," 32,991 "
" 5,641 "," 4,703 "," 5,462 "," 11,739 "
" 6,914 "," 7,839 "," 6,914 "," 22,999 "
" 7,019 "," 8,991 "," 6,982 "," 26,694 "
" 5,810 "," 6,369 "," 5,810 "," 18,446 "
" 5,577 "," 5,697 "," 5,577 "," 15,167 "
" 7,185 "," 6,507 "," 7,185 "," 17,478 "
" 7,435 "," 9,040 "," 7,435 "," 27,162 "
" 6,916 "," 5,397 "," 6,916 "," 12,086 "
" 6,221 "," 6,098 "," 6,221 "," 17,212 "
" 5,517 "," 5,219 "," 5,429 "," 13,660 "
" 5,661 "," 6,471 "," 5,478 "," 17,797 "
" 7,096 "," 8,218 "," 7,096 "," 25,710 "
" 8,259 "," 6,801 "," 8,259 "," 12,653 "
" 7,670 "," 6,056 "," 7,670 "," 12,557 "
" 7,305 "," 7,366 "," 7,305 "," 22,097 "
" 5,795 "," 5,698 "," 5,765 "," 15,716 "
" 7,221 "," 9,319 "," 7,107 "," 27,923 "
" 9,368 "," 7,291 "," 9,368 "," 14,504 "
" 5,660 "," 5,193 "," 5,660 "," 13,635 "
" 8,567 "," 7,094 "," 8,567 "," 12,817 "
" 6,645 "," 5,445 "," 6,645 "," 12,550 "
" 7,124 "," 6,249 "," 7,124 "," 16,349 "
" 7,213 "," 6,520 "," 7,213 "," 17,620 "
" 5,586 "," 5,559 "," 5,586 "," 15,287 "
" 6,761 "," 7,811 "," 6,761 "," 24,085 "
" 8,851 "," 7,246 "," 8,851 "," 13,814 "
" 6,179 "," 7,097 "," 6,147 "," 21,094 "
" 5,953 "," 6,832 "," 5,628 "," 20,245 "
" 7,126 "," 5,791 "," 7,126 "," 12,157 "
" 6,458 "," 7,615 "," 6,458 "," 23,243 "
" 7,723 "," 10,202 "," 6,560 "," 32,507 "
" 6,148 "," 6,384 "," 6,148 "," 18,836 "
" 7,108 "," 8,630 "," 7,108 "," 27,172 "
" 6,957 "," 5,564 "," 6,957 "," 12,404 "
" 5,652 "," 6,196 "," 5,652 "," 16,851 "
" 5,577 "," 5,550 "," 5,577 "," 15,274 "
" 5,640 "," 5,847 "," 5,640 "," 16,401 "
" 4,350 "," 4,281 "," 3,479 "," 11,868 "
" 6,599 "," 7,874 "," 6,599 "," 24,372 "
" 5,954 "," 7,201 "," 5,954 "," 20,621 "
" 6,003 "," 5,218 "," 6,003 "," 12,935 "
" 7,879 "," 10,165 "," 7,242 "," 31,796 "
" 6,375 "," 6,549 "," 6,375 "," 19,348 "
" 5,577 "," 5,550 "," 5,577 "," 15,274 "
" 6,074 "," 7,294 "," 5,140 "," 22,600 "
" 6,030 "," 6,499 "," 5,110 "," 18,920 "
" 7,701 "," 9,172 "," 7,579 "," 27,721 "
" 6,060 "," 7,502 "," 5,561 "," 21,493 "
" 5,897 "," 7,205 "," 5,411 "," 20,459 "
" 6,554 "," 6,948 "," 6,554 "," 19,474 "
" 9,016 "," 7,916 "," 9,016 "," 21,701 "
" 5,954 "," 7,201 "," 5,954 "," 20,621 "
" 5,865 "," 5,210 "," 5,865 "," 13,168 "
" 7,983 "," 9,589 "," 7,858 "," 31,131 "
" 6,484 "," 5,259 "," 6,484 "," 12,336 "
" 5,414 "," 5,375 "," 5,414 "," 14,463 "
" 5,331 "," 5,511 "," 5,331 "," 15,944 "
" 5,754 "," 6,196 "," 5,754 "," 17,729 "
" 6,602 "," 5,546 "," 6,602 "," 12,554 "
" 8,351 "," 8,733 "," 8,351 "," 27,513 "
" 6,802 "," 8,631 "," 6,766 "," 25,344 "
" 5,638 "," 5,341 "," 5,638 "," 13,919 "
" 6,163 "," 5,059 "," 6,131 "," 11,949 "
" 10,187 "," 8,330 "," 10,187 "," 15,779 "
" 6,915 "," 5,516 "," 6,915 "," 12,349 "
" 6,259 "," 5,350 "," 6,259 "," 12,700 "
" 6,172 "," 7,201 "," 6,172 "," 21,943 "
" 7,572 "," 5,941 "," 7,572 "," 12,432 "
" 6,108 "," 7,102 "," 5,775 "," 21,251 "
" 7,642 "," 10,023 "," 7,023 "," 31,059 "
" 5,611 "," 5,184 "," 4,969 "," 14,762 "
" 6,821 "," 5,527 "," 6,821 "," 12,500 "
" 5,495 "," 5,606 "," 5,495 "," 15,048 "
" 6,250 "," 5,340 "," 6,250 "," 12,687 "
" 5,835 "," 6,940 "," 5,835 "," 19,698 "
" 7,372 "," 9,056 "," 6,975 "," 28,986 "
" 5,648 "," 6,578 "," 5,340 "," 18,229 "
" 5,989 "," 6,896 "," 5,989 "," 20,858 "
" 10,201 "," 8,753 "," 10,201 "," 13,796 "
" 5,657 "," 6,612 "," 5,657 "," 18,727 "
" 7,108 "," 8,630 "," 7,108 "," 27,172 "
" 6,172 "," 7,201 "," 6,172 "," 21,943 "
" 6,014 "," 4,872 "," 5,920 "," 11,942 "
" 6,015 "," 6,514 "," 6,015 "," 18,930 "
" 8,366 "," 6,658 "," 8,237 "," 16,156 "
" 6,217 "," 5,944 "," 6,119 "," 15,988 "
" 4,265 "," 4,972 "," 2,959 "," 14,251 "
" 5,693 "," 5,229 "," 5,693 "," 13,681 "
" 5,596 "," 4,930 "," 5,508 "," 12,722 "
" 5,460 "," 5,847 "," 5,460 "," 16,014 "
" 5,469 "," 5,577 "," 5,469 "," 15,010 "
" 9,119 "," 7,181 "," 9,119 "," 13,537 "
" 6,133 "," 7,527 "," 6,133 "," 21,688 "
" 6,333 "," 7,874 "," 6,333 "," 22,838 "
" 7,428 "," 7,499 "," 7,428 "," 22,283 "
" 5,579 "," 6,116 "," 5,579 "," 16,743 "
" 5,552 "," 5,671 "," 5,523 "," 15,095 "
" 6,264 "," 5,877 "," 5,316 "," 17,600 "
" 5,244 "," 5,540 "," 4,811 "," 15,770 "
" 5,875 "," 6,983 "," 5,875 "," 19,758 "
" 6,421 "," 7,964 "," 6,388 "," 22,912 "
" 6,914 "," 7,839 "," 6,914 "," 22,999 "
" 6,277 "," 5,673 "," 6,277 "," 14,713 "
" 6,340 "," 5,250 "," 6,340 "," 12,204 "
" 6,843 "," 8,242 "," 6,843 "," 25,724 "
" 7,671 "," 6,261 "," 7,671 "," 12,370 "
" 7,650 "," 7,843 "," 7,650 "," 22,637 "
" 7,884 "," 9,393 "," 7,462 "," 30,532 "
" 5,315 "," 6,190 "," 4,696 "," 17,221 "
" 7,078 "," 5,721 "," 6,857 "," 14,316 "
" 6,256 "," 5,249 "," 6,256 "," 12,630 "
" 5,954 "," 7,201 "," 5,954 "," 20,621 "
" 5,595 "," 5,338 "," 5,595 "," 14,374 "
" 6,211 "," 5,199 "," 6,211 "," 12,326 "
" 5,333 "," 5,714 "," 5,042 "," 15,446 "
" 8,748 "," 6,935 "," 8,748 "," 12,993 "
" 7,129 "," 7,704 "," 7,129 "," 23,699 "
" 6,428 "," 6,810 "," 6,428 "," 19,286 "
" 6,109 "," 7,024 "," 6,109 "," 21,042 "
" 7,797 "," 9,680 "," 7,674 "," 29,586 "
" 8,759 "," 7,038 "," 8,759 "," 15,087 "
" 6,209 "," 7,688 "," 5,871 "," 22,024 "
" 5,603 "," 5,444 "," 5,603 "," 14,291 "
" 7,558 "," 5,977 "," 7,558 "," 13,030 "
" 6,016 "," 6,814 "," 6,016 "," 20,143 "
" 5,282 "," 5,511 "," 5,282 "," 15,231 "
" 5,657 "," 6,612 "," 5,657 "," 18,727 "
" 6,722 "," 7,712 "," 6,722 "," 22,524 "
" 8,324 "," 6,523 "," 8,324 "," 12,685 "
" 6,354 "," 5,656 "," 6,254 "," 14,881 "
" 6,599 "," 7,874 "," 6,599 "," 24,372 "
" 6,132 "," 4,883 "," 6,036 "," 11,812 "
" 8,759 "," 7,038 "," 8,759 "," 15,087 "
" 5,992 "," 5,453 "," 5,992 "," 14,250 "
" 5,986 "," 5,243 "," 5,986 "," 12,984 "
" 6,421 "," 7,964 "," 6,388 "," 22,912 "
" 8,283 "," 10,073 "," 7,840 "," 33,440 "
" 8,035 "," 10,119 "," 6,132 "," 35,784 "
" 7,647 "," 6,741 "," 7,647 "," 17,826 "
" 5,621 "," 5,259 "," 5,621 "," 13,984 "
" 6,722 "," 7,769 "," 6,722 "," 24,023 "
" 5,774 "," 6,738 "," 5,774 "," 18,904 "
" 8,954 "," 7,094 "," 8,954 "," 13,034 "
" 5,581 "," 5,419 "," 5,581 "," 14,259 "
" 5,524 "," 5,260 "," 5,524 "," 14,272 "
" 6,599 "," 7,874 "," 6,599 "," 24,372 "
" 6,992 "," 5,671 "," 6,992 "," 12,619 "
" 7,782 "," 8,609 "," 7,660 "," 25,676 "
" 5,510 "," 5,767 "," 5,422 "," 15,454 "
" 6,112 "," 5,629 "," 6,112 "," 14,894 "
" 6,710 "," 5,526 "," 6,499 "," 14,302 "
" 6,239 "," 7,897 "," 5,520 "," 23,093 "
" 7,847 "," 6,462 "," 7,847 "," 12,593 "
" 5,657 "," 6,612 "," 5,657 "," 18,727 "
" 5,765 "," 6,832 "," 5,450 "," 19,074 "
" 7,642 "," 10,023 "," 7,023 "," 31,059 "
" 5,174 "," 5,358 "," 4,747 "," 15,143 "
" 7,926 "," 10,320 "," 6,736 "," 33,169 "
" 5,571 "," 5,550 "," 5,571 "," 14,689 "
" 6,317 "," 6,324 "," 6,317 "," 17,900 "
" 7,248 "," 8,951 "," 6,422 "," 29,005 "
" 5,770 "," 5,208 "," 5,770 "," 13,403 "
" 7,001 "," 8,350 "," 7,001 "," 26,161 "
" 6,452 "," 5,377 "," 6,452 "," 12,354 "
" 6,006 "," 6,797 "," 5,910 "," 19,967 "
" 10,705 "," 8,589 "," 10,705 "," 15,432 "
" 6,118 "," 5,090 "," 6,118 "," 12,442 "
" 6,786 "," 5,663 "," 6,786 "," 12,512 "
" 8,324 "," 6,523 "," 8,324 "," 12,685 "
" 5,647 "," 5,351 "," 5,647 "," 13,931 "
" 5,588 "," 5,446 "," 5,588 "," 14,814 "
" 7,259 "," 8,732 "," 7,259 "," 27,600 "
" 6,843 "," 8,242 "," 6,843 "," 25,724 "
" 7,174 "," 5,584 "," 7,174 "," 12,167 "
" 6,375 "," 7,527 "," 6,375 "," 23,113 "
" 13,279 "," 10,887 "," 13,279 "," 23,529 "
" 5,578 "," 6,247 "," 5,397 "," 17,067 "
" 6,409 "," 5,059 "," 6,376 "," 11,937 "
" 5,260 "," 5,367 "," 4,974 "," 14,369 "
" 5,810 "," 6,777 "," 5,810 "," 18,959 "
" 6,258 "," 7,657 "," 6,225 "," 21,821 "
" 7,446 "," 5,779 "," 7,408 "," 13,657 "
" 9,660 "," 8,046 "," 9,660 "," 14,347 "
" 7,477 "," 5,941 "," 7,477 "," 12,559 "
" 6,163 "," 5,142 "," 6,163 "," 12,504 "
" 7,760 "," 10,094 "," 7,133 "," 31,427 "
" 8,324 "," 6,523 "," 8,324 "," 12,685 "
" 7,064 "," 5,647 "," 7,064 "," 12,938 "
" 6,916 "," 5,397 "," 6,916 "," 12,086 "
" 6,016 "," 6,814 "," 6,016 "," 20,143 "
" 6,994 "," 6,932 "," 6,994 "," 19,273 "
" 6,375 "," 7,527 "," 6,375 "," 23,113 "
" 5,536 "," 5,847 "," 5,536 "," 16,808 "
" 5,439 "," 5,261 "," 5,439 "," 14,056 "
" 5,954 "," 7,201 "," 5,954 "," 20,621 "
" 5,024 "," 4,459 "," 4,614 "," 11,985 "
" 5,989 "," 6,896 "," 5,989 "," 20,858 "
" 5,986 "," 5,243 "," 5,986 "," 12,984 "
" 6,572 "," 8,535 "," 4,658 "," 27,338 "
" 8,640 "," 10,306 "," 8,180 "," 34,566 "
" 5,549 "," 6,083 "," 5,549 "," 16,698 "
 (142), (226), (140), (144)
" 1,855 ", (793)," 1,578 "," 2,213 "
 49 , (503), 43 , 54 
 (196), (480), (186), (204)
 (78), (826), (86), (69)
 506 , (936), 426 , 643 
 529 ," (1,234)", 357 , 757 
 (118), (781), (117), (121)
 26 , (761), (0), 57 
 (366), (634), (352), (377)
 (20), (888), (33), (6)
 399 ," (1,166)", 325 , 491 
" 3,070 ", (701)," 2,608 "," 3,716 "
 (148), (282), (146), (151)
 (129), (664), (132), (124)
 910 , (892), 645 ," 1,251 "
 (144), (223), (141), (146)
 (186), (292), (183), (189)
 (99), (254), (98), (101)
" 1,264 ", (607), 996 ," 1,622 "
 (187), (684), (177), (196)
 267 , (640), 210 , 372 
 508 , (669), 467 , 561 
 332 , (661), 297 , 360 
 869 , (636), 667 ," 1,146 "
" 3,697 ", (718)," 2,864 "," 4,678 "
 366 , (562), 248 , 542 
 (273), (531), (262), (281)
 866 , (947), 611 ," 1,194 "
 (213), (392), (209), (216)
 (198), (323), (194), (201)
 363 , (591), 319 , 404 
 (76), (562), (76), (78)
 88 , (775), 71 , 106 
 (36), (709), (74), 26 
" 1,946 ", (748)," 1,636 "," 2,389 "
 (149), (280), (146), (151)
 (100), (165), (98), (101)
 (38), (854), (47), (29)
 (50), (317), (50), (50)
 (292), (569), (275), (305)
 (145), (608), (142), (148)
 (246), (486), (236), (253)
 (287), (599), (276), (295)
 (41), (990), (47), (36)
 (144), (552), (138), (149)
 (347), (579), (333), (357)
 (206), (394), (202), (209)
 (168), (602), (175), (139)
 (168), (694), (163), (174)
 (22), (280), (22), (22)
 (159), (416), (154), (165)
 (128), (266), (126), (130)
" 1,857 ", (590)," 1,536 "," 2,205 "
 (116), (546), (114), (119)
 (220), (599), (217), (219)
 439 , (642), 308 , 631 
 (17)," (1,048)", (33), (0)
 1 , (439), (1), 1 
 14 , (763), (20), 79 
 (206), (631), (197), (214)
 (120), (262), (119), (122)
 242 , (709), 182 , 319 
 (29), (268), (29), (30)
" 3,833 ", (431)," 3,400 "," 4,498 "
 304 ," (1,031)", 249 , 390 
 (171), (750), (165), (176)
 (366), (681), (353), (377)
" 3,782 ", (773)," 3,350 "," 4,448 "
 (175), (310), (173), (178)
 1 , (373), (0), 1 
 (217), (669), (208), (225)
 (231), (583), (220), (239)
 803 ," (1,023)", 691 , 989 
" 2,024 ", (712)," 1,628 "," 2,540 "
 (24), (549), (31), (15)
 (282), (466), (271), (290)
 (181), (734), (173), (189)
 970 , (925), 745 ," 1,278 "
 (134), (357), (132), (136)
 (256), (771), (245), (267)
 (160), (463), (155), (164)
 225 , (659), 193 , 255 
 194 , (903), 133 , 294 
 303 ," (1,033)", 215 , 409 
 (121), (295), (119), (122)
 (193), (310), (190), (196)
" 3,474 "," (1,087)"," 2,853 "," 4,203 "
 (173), (390), (167), (178)
" 1,092 ", (752), 879 ," 1,330 "
 (297), (427), (279), (309)
 238 ," (1,125)", 184 , 313 
 (48), (713), (66), (13)
 151 , (858), 97 , 245 
" 1,718 ", (917)," 1,534 "," 1,956 "
 127 , (666), 63 , 218 
 (269), (629), (258), (276)
 (190), (885), (187), (192)
 (165), (316), (162), (168)
 (184), (493), (185), (176)
 (180), (674), (173), (185)
 (123), (291), (119), (126)
 (193), (460), (186), (199)
 (213), (392), (209), (216)
 (267), (432), (257), (275)
 (143), (317), (140), (145)
 (385), (671), (370), (396)
 (89), (470), (88), (91)
 (115), (323), (113), (117)
 (164), (293), (162), (167)
 (177), (492), (173), (183)
 (240), (580), (226), (249)
 (246), (447), (242), (250)
" 1,929 "," (1,181)"," 1,547 "," 2,429 "
 (190), (302), (187), (193)
" 3,315 ", (528)," 2,822 "," 4,001 "
 (93), (294), (92), (95)
 280 , (927), 222 , 385 
 (460), (930), (432), (478)
 (104), (808), (113), (95)
 (86), (246), (85), (88)
 (170), (268), (167), (173)
 755 ," (1,280)", 572 ," 1,010 "
 253 , (428), 242 , 262 
 (108), (691), (118), (94)
 276 ," (1,182)", 202 , 398 
 (246), (479), (237), (254)
 (324), (583), (312), (333)
 (97), (720), (103), (88)
 952 , (506), 686 ," 1,288 "
" 1,737 ", (663)," 1,546 "," 1,888 "
 98 , (865), 50 , 159 
 (179), (541), (174), (183)
 (167), (290), (164), (170)
 (220), (388), (217), (224)
" 1,070 ", (901), 884 ," 1,343 "
 (180), (491), (174), (186)
 485 , (732), 388 , 619 
 (105), (275), (104), (107)
 282 , (532), 219 , 364 
 (1), (455), (2), (1)
 (139), (362), (137), (141)
" 2,846 "," (1,042)"," 2,188 "," 3,630 "
 (291), (705), (281), (299)
 121 ," (1,003)", 82 , 188 
 (170), (521), (168), (169)
" 8,483 "," 1,117 "," 7,778 "," 9,707 "
 (270), (580), (258), (283)
 (83), (543), (82), (84)
" 1,007 ", (872), 872 ," 1,230 "
 (169), (331), (166), (171)
 312 , (771), 232 , 441 
" 2,789 ", (633)," 2,465 "," 3,293 "
 202 , (643), 172 , 230 
 (265), (457), (252), (276)
 (28), (269), (29), (29)
 182 , (632), 101 , 308 
 109 , (649), 47 , 197 
" 2,601 ", (475)," 2,107 "," 3,235 "
 (241), (390), (229), (252)
 335 ," (1,127)", 260 , 452 
 139 , (779), 121 , 155 
 123 , (429), 116 , 128 
 278 , (263), 271 , 282 
 333 ," (1,278)", 240 , 466 
 (176), (434), (174), (179)
 200 ," (1,078)", 135 , 308 
 (329), (708), (318), (339)
 461 , (931), 362 , 616 
" 1,004 ", (786), 773 ," 1,319 "
 (326), (839), (309), (338)
 155 , (774), 112 , 235 
 334 , (562), 240 , 422 
 837 , (659), 749 , 942 
 (186), (441), (183), (189)
 114 , (297), 111 , 116 
" 3,302 ", (655)," 2,920 "," 3,897 "
 (236), (524), (226), (245)
 (107), (725), (104), (110)
" 4,695 ", (350)," 4,146 "," 5,277 "
 256 , (642), 181 , 382 
 (85), (553), (107), (42)
 646 , (622), 598 , 694 
 (285), (733), (272), (295)
 (173), (349), (170), (175)
 (313), (652), (297), (325)
 (172), (253), (169), (175)
 161 , (807), 139 , 195 
 8 , (608), 1 , 14 
 141 , (630), 67 , 257 
 (206), (528), (199), (213)
 262 , (934), 224 , 339 
 (255), (405), (243), (264)
" 1,458 ", (776)," 1,214 "," 1,812 "
 (76), (681), (103), (28)
 331 ," (1,166)", 282 , 388 
 (114), (752), (113), (115)
 (150), (727), (148), (150)
 (170), (364), (167), (173)
 719 , (674), 591 , 893 
 245 , (722), 190 , 345 
 (222), (603), (213), (230)
 205 ," (1,049)", 159 , 270 
 748 , (607), 593 , 924 
 (378), (685), (363), (388)
 (101), (189), (100), (103)
" 1,399 "," (1,064)"," 1,043 "," 1,840 "
" 1,042 ", (812), 811 ," 1,354 "
 (77), (365), (76), (78)
 (50), (311), (50), (51)
 (304), (495), (292), (312)
 (168), (307), (165), (171)
 145 , (694), 73 , 259 
 (176), (430), (173), (178)
 397 , (704), 283 , 545 
 (178), (302), (175), (181)
 155 ," (1,106)", 112 , 236 
 (150), (355), (148), (153)
 (16), (224), (17), (17)
 (184), (307), (181), (187)
 720 ," (1,039)", 585 , 923 
 (228), (633), (219), (236)
 55 , (609), 45 , 65 
 (29), (267), (30), (30)
 (186), (299), (183), (189)
" 1,095 ", (850), 996 ," 1,258 "
 547 , (858), 430 , 728 
 (297), (902), (284), (309)
 (199), (442), (193), (205)
 (46), (763), (59), (12)
 308 , (784), 214 , 433 
 (126), (307), (124), (128)
 (178), (326), (175), (181)
 556 , (767), 467 , 655 
 (3), (804), (20), 15 
 (4), (705), (9), (1)
" 4,468 ", (782)," 3,654 "," 5,496 "
" 1,484 ", (552)," 1,259 "," 1,777 "
 (178), (579), (185), (149)
 (242), (447), (230), (253)
 249 , (904), 195 , 349 
 320 , (827), 272 , 358 
 (3), (654), (54), 86 
 386 , (867), 319 , 504 
 (167), (344), (164), (170)
 (172), (311), (169), (175)
 441 , (968), 348 , 572 
 (132), (214), (130), (134)
 (89), (948), (91), (87)
 (64)," (1,189)", (75), (56)
" 2,658,255 "," 3,146,637 "," 2,339,626 "," 3,407,768 "
" 1,305,553 "," 1,521,897 "," 1,305,553 "," 1,580,957 "
" 860,825 "," 1,042,822 "," 761,227 "," 1,055,563 "
" 3,161,623 "," 3,679,676 "," 3,161,623 "," 3,855,621 "
" 3,338,076 "," 3,837,118 "," 3,246,111 "," 4,254,699 "
" 2,407,501 "," 2,990,491 "," 2,385,172 "," 2,793,585 "
" 2,771,143 "," 3,280,244 "," 2,624,604 "," 3,552,465 "
" 4,502,727 "," 5,248,362 "," 4,460,240 "," 5,452,083 "
" 673,338 "," 787,136 "," 673,338 "," 804,116 "
" 1,542,595 "," 1,818,716 "," 1,296,065 "," 1,992,941 "
" 706,749 "," 878,022 "," 706,749 "," 820,147 "
" 2,238,295 "," 2,701,465 "," 1,630,052 "," 2,764,271 "
" 1,156,613 "," 1,326,327 "," 1,017,816 "," 1,485,770 "
" 3,222,079 "," 3,673,843 "," 2,703,989 "," 4,201,815 "
" 2,005,576 "," 2,266,990 "," 1,678,650 "," 2,677,104 "
" 1,021,383 "," 1,186,951 "," 903,010 "," 1,254,752 "
" 924,623 "," 1,144,882 "," 924,623 "," 1,079,998 "
" 457,694 "," 537,301 "," 453,431 "," 535,625 "
" 2,703,169 "," 3,315,990 "," 2,703,169 "," 3,221,786 "
" 800,654 "," 925,010 "," 706,073 "," 1,005,617 "
" 2,931,673 "," 3,412,064 "," 2,931,673 "," 3,575,212 "
" 1,797,994 "," 2,085,477 "," 1,797,994 "," 2,224,733 "
" 1,456,530 "," 1,786,851 "," 1,456,530 "," 1,736,040 "
" 1,244,766 "," 1,461,033 "," 1,211,914 "," 1,456,539 "
" 2,367,847 "," 2,783,497 "," 2,345,867 "," 2,752,527 "
" 2,564,822 "," 2,974,800 "," 2,265,599 "," 3,173,437 "
" 706,749 "," 878,022 "," 706,749 "," 820,147 "
" 786,835 "," 949,899 "," 765,402 "," 971,917 "
" 1,926,367 "," 2,370,287 "," 1,926,367 "," 2,280,321 "
" 1,510,897 "," 1,817,036 "," 1,469,621 "," 1,879,798 "
" 3,004,478 "," 3,696,710 "," 2,767,594 "," 3,556,456 "
" 3,772,949 "," 4,569,448 "," 3,336,494 "," 4,625,633 "
" 1,840,584 "," 2,286,334 "," 1,840,584 "," 2,135,772 "
" 3,111,580 "," 3,636,807 "," 3,111,580 "," 3,715,367 "
" 2,824,245 "," 3,432,100 "," 2,824,245 "," 3,437,777 "
" 611,623 "," 703,355 "," 611,623 "," 779,959 "
" 2,714,257 "," 3,159,902 "," 2,274,102 "," 3,588,304 "
" 1,428,311 "," 1,674,010 "," 1,428,311 "," 1,682,464 "
" 2,959,008 "," 3,463,088 "," 2,810,003 "," 3,509,051 "
" 1,768,190 "," 2,169,136 "," 1,768,190 "," 2,107,477 "
" 1,313,217 "," 1,523,261 "," 1,300,752 "," 1,624,977 "
" 4,036,402 "," 4,816,420 "," 3,699,937 "," 5,096,637 "
" 692,269 "," 866,156 "," 692,269 "," 793,179 "
" 3,746,351 "," 4,259,271 "," 3,427,636 "," 4,923,139 "
" 2,306,798 "," 2,680,420 "," 1,597,023 "," 2,833,537 "
" 4,026,359 "," 4,678,306 "," 4,026,359 "," 4,945,554 "
" 482,518 "," 562,609 "," 427,409 "," 584,430 "
" 2,870,437 "," 3,364,061 "," 2,870,437 "," 3,381,086 "
" 2,532,129 "," 3,087,107 "," 2,243,598 "," 3,060,384 "
" 4,188,976 "," 5,037,030 "," 4,149,162 "," 5,211,188 "
" 1,030,286 "," 1,289,003 "," 1,020,801 "," 1,180,438 "
" 593,126 "," 683,759 "," 593,126 "," 750,678 "
" 519,135 "," 603,410 "," 492,275 "," 637,876 "
" 514,747 "," 623,716 "," 514,747 "," 631,294 "
" 1,029,558 "," 1,210,356 "," 1,029,558 "," 1,196,869 "
" 4,306,826 "," 4,962,828 "," 4,080,439 "," 5,448,210 "
" 2,141,744 "," 2,484,139 "," 2,121,415 "," 2,650,014 "
" 2,653,683 "," 3,042,567 "," 2,010,237 "," 3,408,195 "
" 1,448,522 "," 1,728,741 "," 1,276,682 "," 1,829,266 "
" 4,356,093 "," 5,113,458 "," 3,987,036 "," 5,670,086 "
" 1,498,477 "," 1,693,928 "," 1,254,196 "," 2,000,447 "
" 3,655,951 "," 4,261,402 "," 3,655,951 "," 4,426,809 "
" 3,467,274 "," 4,213,452 "," 3,185,921 "," 4,220,445 "
" 4,931,849 "," 5,668,988 "," 4,931,849 "," 6,285,888 "
" 1,873,738 "," 2,269,475 "," 1,776,913 "," 2,297,327 "
" 1,874,612 "," 2,155,025 "," 1,501,527 "," 2,389,581 "
" 1,504,174 "," 1,741,269 "," 1,504,174 "," 1,874,951 "
" 478,014 "," 583,027 "," 478,014 "," 577,894 "
" 2,081,543 "," 2,545,753 "," 1,772,567 "," 2,498,211 "
" 2,097,235 "," 2,391,440 "," 1,985,605 "," 2,735,174 "
" 3,366,645 "," 4,001,294 "," 2,965,146 "," 4,283,153 "
" 3,728,286 "," 4,324,118 "," 3,421,767 "," 4,612,850 "
" 1,731,158 "," 2,089,472 "," 1,641,299 "," 2,138,027 "
" 371,475 "," 461,585 "," 368,030 "," 431,118 "
" 1,050,879 "," 1,226,759 "," 1,040,985 "," 1,263,662 "
" 2,955,506 "," 3,405,785 "," 2,874,278 "," 3,738,899 "
" 4,791,684 "," 5,478,681 "," 4,537,372 "," 6,200,701 "
" 1,630,480 "," 2,000,219 "," 1,630,480 "," 1,943,354 "
" 2,465,504 "," 2,786,745 "," 2,063,621 "," 3,290,816 "
" 810,073 "," 935,888 "," 810,073 "," 1,017,443 "
" 4,107,548 "," 4,939,125 "," 3,768,479 "," 5,109,896 "
" 1,698,425 "," 1,985,196 "," 1,698,425 "," 2,028,065 "
" 1,503,628 "," 1,736,429 "," 993,241 "," 2,019,461 "
" 2,973,067 "," 3,479,540 "," 2,973,067 "," 3,525,722 "
" 2,077,401 "," 2,532,769 "," 2,057,809 "," 2,510,825 "
" 593,126 "," 683,759 "," 543,620 "," 750,678 "
" 4,944,635 "," 5,734,768 "," 4,538,119 "," 6,117,691 "
" 909,293 "," 1,067,311 "," 909,293 "," 1,064,018 "
" 1,152,194 "," 1,441,505 "," 1,141,587 "," 1,320,105 "
" 980,411 "," 1,206,457 "," 980,411 "," 1,160,616 "
" 2,254,905 "," 2,820,956 "," 2,234,147 "," 2,583,459 "
" 658,485 "," 827,087 "," 658,485 "," 749,830 "
" 1,231,845 "," 1,511,250 "," 1,133,941 "," 1,468,261 "
" 1,096,861 "," 1,358,112 "," 1,096,861 "," 1,281,161 "
" 1,462,639 "," 1,816,897 "," 1,462,639 "," 1,697,231 "
" 921,391 "," 1,075,623 "," 847,480 "," 1,107,976 "
" 1,050,879 "," 1,226,759 "," 1,050,879 "," 1,263,662 "
" 1,121,158 "," 1,328,456 "," 1,121,158 "," 1,271,245 "
" 2,189,357 "," 2,660,639 "," 1,775,231 "," 2,665,016 "
" 1,822,033 "," 2,241,923 "," 1,822,033 "," 2,156,825 "
" 1,563,880 "," 1,858,953 "," 1,122,920 "," 1,989,865 "
" 2,965,986 "," 3,696,934 "," 2,965,986 "," 3,419,591 "
" 3,155,425 "," 3,644,600 "," 3,068,927 "," 3,962,094 "
" 537,574 "," 623,716 "," 370,232 "," 665,368 "
" 1,447,565 "," 1,740,887 "," 1,372,108 "," 1,801,015 "
" 2,291,584 "," 2,657,915 "," 2,103,177 "," 2,835,393 "
" 1,158,042 "," 1,392,780 "," 1,126,405 "," 1,440,865 "
" 1,464,113 "," 1,718,466 "," 1,391,387 "," 1,713,187 "
" 4,009,666 "," 4,609,038 "," 3,673,630 "," 5,110,609 "
" 3,099,929 "," 3,837,907 "," 3,099,929 "," 3,620,619 "
" 2,591,218 "," 3,138,354 "," 2,457,320 "," 3,176,909 "
" 1,549,756 "," 1,794,027 "," 1,549,756 "," 1,931,759 "
" 3,331,485 "," 3,883,221 "," 2,951,117 "," 4,033,947 "
" 3,765,046 "," 4,474,739 "," 3,661,372 "," 4,789,957 "
" 2,932,263 "," 3,422,674 "," 2,904,656 "," 3,525,678 "
" 420,667 "," 520,984 "," 420,667 "," 491,408 "
" 3,807,174 "," 4,449,777 "," 3,504,029 "," 4,545,904 "
" 1,423,544 "," 1,636,571 "," 1,304,231 "," 1,814,716 "
" 407,895 "," 516,723 "," 407,895 "," 458,985 "
" 2,762,189 "," 3,232,750 "," 2,762,189 "," 3,275,653 "
" 1,666,690 "," 2,038,437 "," 1,357,945 "," 2,000,348 "
" 3,490,305 "," 4,048,121 "," 3,457,175 "," 4,318,424 "
" 5,386,709 "," 6,069,770 "," 3,556,740 "," 7,244,826 "
" 3,039,478 "," 3,717,191 "," 2,796,125 "," 3,647,820 "
" 1,081,346 "," 1,262,321 "," 1,081,346 "," 1,300,293 "
" 1,437,001 "," 1,672,588 "," 1,164,512 "," 1,752,557 "
" 2,415,813 "," 2,796,430 "," 2,415,813 "," 3,011,108 "
" 733,959 "," 876,173 "," 528,686 "," 927,081 "
" 2,872,485 "," 3,348,234 "," 2,441,001 "," 3,478,192 "
" 1,628,976 "," 1,992,317 "," 1,628,976 "," 1,955,088 "
" 1,892,971 "," 2,225,286 "," 1,843,286 "," 2,200,519 "
" 1,666,951 "," 1,940,200 "," 1,666,951 "," 2,032,965 "
" 653,357 "," 768,137 "," 636,207 "," 759,564 "
" 2,817,019 "," 3,155,569 "," 1,849,504 "," 3,848,772 "
" 3,435,312 "," 4,160,564 "," 3,037,913 "," 4,211,712 "
" 5,142,516 "," 5,811,983 "," 3,629,876 "," 6,862,938 "
" 2,722,147 "," 3,144,195 "," 2,647,526 "," 3,418,102 "
" 1,827,562 "," 2,197,778 "," 1,613,302 "," 2,273,712 "
" 7,022,685 "," 8,029,355 "," 4,714,966 "," 9,087,459 "
" 1,527,139 "," 1,780,167 "," 1,297,728 "," 1,849,253 "
" 4,812,298 "," 5,648,919 "," 3,838,008 "," 6,263,835 "
" 1,481,211 "," 1,822,602 "," 1,364,422 "," 1,753,401 "
" 1,522,176 "," 1,786,610 "," 1,522,176 "," 1,781,123 "
" 1,287,004 "," 1,502,360 "," 1,252,407 "," 1,547,558 "
" 4,569,313 "," 5,265,275 "," 4,569,313 "," 5,780,235 "
" 1,289,925 "," 1,514,034 "," 1,289,925 "," 1,509,378 "
" 3,708,114 "," 4,371,071 "," 3,511,428 "," 4,789,848 "
" 829,987 "," 968,939 "," 829,987 "," 998,081 "
" 1,624,019 "," 1,866,995 "," 1,624,019 "," 2,070,212 "
" 1,852,188 "," 2,164,905 "," 1,852,188 "," 2,211,658 "
" 2,343,037 "," 2,700,074 "," 2,219,872 "," 2,964,175 "
" 1,798,350 "," 2,093,121 "," 1,781,345 "," 2,193,199 "
" 3,940,847 "," 4,593,463 "," 3,834,510 "," 4,771,761 "
" 681,133 "," 796,757 "," 512,891 "," 894,067 "
" 1,183,626 "," 1,443,207 "," 1,183,626 "," 1,430,658 "
" 3,120,139 "," 3,803,924 "," 3,120,139 "," 3,771,021 "
" 1,573,950 "," 1,839,717 "," 1,448,619 "," 1,879,443 "
" 3,038,360 "," 3,551,232 "," 2,697,274 "," 3,627,942 "
" 2,731,566 "," 3,155,074 "," 2,504,689 "," 3,429,928 "
" 1,523,377 "," 1,863,182 "," 1,523,377 "," 1,828,359 "
" 1,167,946 "," 1,424,092 "," 1,073,778 "," 1,411,707 "
" 1,375,397 "," 1,671,587 "," 1,375,397 "," 1,674,297 "
" 2,964,093 "," 3,636,042 "," 2,964,093 "," 3,532,755 "
" 3,393,349 "," 3,935,678 "," 3,393,349 "," 4,198,473 "
" 2,061,150 "," 2,398,963 "," 2,005,333 "," 2,513,665 "
" 3,284,274 "," 3,887,547 "," 2,215,319 "," 4,210,177 "
" 2,703,169 "," 3,315,990 "," 2,630,882 "," 3,221,786 "
" 2,013,658 "," 2,462,737 "," 1,911,188 "," 2,416,742 "
" 388,771 "," 481,497 "," 388,771 "," 454,155 "
" 1,792,652 "," 2,104,679 "," 1,640,763 "," 2,333,779 "
" 1,269,867 "," 1,548,340 "," 1,204,891 "," 1,534,884 "
" 726,868 "," 900,061 "," 720,104 "," 849,032 "
" 2,534,326 "," 2,933,600 "," 2,465,046 "," 3,158,808 "
" 2,608,011 "," 3,208,929 "," 2,608,011 "," 3,087,168 "
" 3,509,780 "," 4,062,622 "," 3,413,835 "," 4,374,496 "
" 519,135 "," 603,410 "," 519,135 "," 637,876 "
" 1,399,496 "," 1,727,327 "," 1,386,432 "," 1,645,526 "
" 3,030,888 "," 3,644,600 "," 2,780,691 "," 3,770,587 "
" 626,554 "," 761,659 "," 594,328 "," 762,836 "
" 1,714,094 "," 2,029,199 "," 1,623,448 "," 2,197,578 "
" 1,225,239 "," 1,456,525 "," 1,191,499 "," 1,559,082 "
" 961,602 "," 1,133,938 "," 845,770 "," 1,242,551 "
" 702,507 "," 796,757 "," 466,568 "," 931,013 "
" 3,357,969 "," 3,783,987 "," 2,364,737 "," 4,516,671 "
" 599,273 "," 695,271 "," 506,950 "," 741,701 "
" 4,458,522 "," 5,039,015 "," 3,731,826 "," 5,950,237 "
" 1,763,960 "," 1,988,015 "," 1,399,147 "," 2,373,120 "
" 423,966 "," 521,851 "," 423,966 "," 501,966 "
" 5,018,657 "," 5,940,232 "," 4,880,142 "," 6,433,243 "
" 1,757,288 "," 2,045,333 "," 1,757,288 "," 2,143,126 "
" 2,547,782 "," 2,977,874 "," 2,523,854 "," 3,042,195 "
" 2,164,938 "," 2,630,968 "," 2,164,938 "," 2,635,295 "
" 1,355,556 "," 1,582,373 "," 1,355,556 "," 1,629,980 "
" 1,814,376 "," 2,130,177 "," 1,214,493 "," 2,362,053 "
" 1,720,391 "," 2,010,869 "," 1,466,953 "," 2,054,293 "
" 2,494,309 "," 2,893,023 "," 2,364,708 "," 3,086,200 "
" 2,627,585 "," 3,067,060 "," 2,627,585 "," 3,159,360 "
" 1,644,534 "," 1,924,760 "," 1,644,534 "," 1,950,291 "
" 674,582 "," 781,073 "," 569,895 "," 841,049 "
" 4,476,584 "," 5,439,877 "," 4,113,334 "," 5,448,937 "
" 2,467,840 "," 2,829,516 "," 2,260,162 "," 3,169,549 "
" 4,370,486 "," 5,047,908 "," 4,250,682 "," 5,487,636 "
" 2,201,322 "," 2,616,466 "," 1,938,786 "," 2,800,751 "
" 2,290,757 "," 2,764,775 "," 2,228,364 "," 2,829,055 "
" 678,206 "," 783,591 "," 545,098 "," 851,880 "
" 571,004 "," 675,117 "," 571,004 "," 651,387 "
" 1,702,148 "," 2,137,752 "," 1,702,148 "," 1,938,185 "
" 1,384,164 "," 1,676,593 "," 1,384,164 "," 1,697,141 "
" 1,445,067 "," 1,696,709 "," 1,152,444 "," 1,881,398 "
" 1,256,532 "," 1,492,458 "," 1,256,532 "," 1,416,377 "
" 1,708,013 "," 1,987,988 "," 1,708,013 "," 2,083,038 "
" 902,841 "," 1,059,739 "," 879,013 "," 1,056,470 "
" 1,360,891 "," 1,597,321 "," 1,324,974 "," 1,592,411 "
" 4,847,679 "," 5,622,325 "," 4,801,665 "," 5,997,740 "
" 5,280,380 "," 6,037,400 "," 5,134,260 "," 6,833,038 "
" 2,096,489 "," 2,464,519 "," 2,096,489 "," 2,437,094 "
" 3,805,276 "," 4,448,335 "," 2,865,885 "," 4,991,538 "
" 1,189,078 "," 1,463,184 "," 1,157,422 "," 1,407,610 "
" 2,990,146 "," 3,461,181 "," 2,743,016 "," 3,726,887 "
" 1,011,056 "," 1,188,608 "," 984,519 "," 1,175,362 "
" 875,095 "," 992,377 "," 619,058 "," 1,159,535 "
" 1,732,651 "," 2,016,661 "," 1,643,436 "," 2,113,082 "
" 3,506,086 "," 4,167,000 "," 3,087,959 "," 4,460,534 "
" 2,356,212 "," 2,811,732 "," 2,076,709 "," 2,975,284 "
" 683,566 "," 828,158 "," 579,289 "," 838,255 "
" 371,475 "," 461,585 "," 371,475 "," 431,118 "
" 3,061,751 "," 3,573,810 "," 2,979,449 "," 3,681,364 "
" 847,333 "," 997,862 "," 839,495 "," 978,729 "
" 423,966 "," 521,851 "," 423,966 "," 501,966 "
" 537,574 "," 623,716 "," 537,574 "," 665,368 "
" 406,276 "," 501,601 "," 406,276 "," 477,778 "
" 2,556,225 "," 2,938,466 "," 1,940,848 "," 3,258,266 "
" 5,482,627 "," 6,285,668 "," 4,824,817 "," 7,040,915 "
" 789,346 "," 959,469 "," 698,683 "," 960,979 "
" 3,588,669 "," 4,125,148 "," 3,160,214 "," 4,574,068 "
" 1,363,106 "," 1,563,050 "," 1,090,029 "," 1,750,932 "
" 7,289,876 "," 8,189,489 "," 5,450,282 "," 9,880,643 "
" 1,175,167 "," 1,446,069 "," 1,175,167 "," 1,391,144 "
" 1,846,123 "," 2,163,651 "," 1,797,151 "," 2,174,588 "
" 1,580,914 "," 1,985,503 "," 1,580,914 "," 1,800,144 "
" 3,391,719 "," 4,160,573 "," 3,391,719 "," 4,042,401 "
" 1,194,760 "," 1,392,762 "," 1,133,546 "," 1,446,809 "
" 1,889,238 "," 2,303,387 "," 1,889,238 "," 2,283,422 "
" 775,939 "," 946,214 "," 736,234 "," 937,950 "
" 1,422,313 "," 1,642,982 "," 1,254,318 "," 1,786,127 "
" 1,873,398 "," 2,235,673 "," 1,774,996 "," 2,365,700 "
" 1,321,807 "," 1,515,706 "," 1,163,190 "," 1,697,900 "
" 1,855,626 "," 2,156,222 "," 1,759,631 "," 2,279,394 "
" 537,574 "," 623,716 "," 509,637 "," 665,368 "
" 1,510,914 "," 1,758,606 "," 1,510,914 "," 1,842,688 "
" 487,166 "," 486,844 "," 472,169 "," 502,608 "
" 193,149 "," 172,387 "," 178,131 "," 306,457 "
" 230,619 "," 230,342 "," 216,353 "," 246,507 "
" 119,093 "," 111,097 "," 105,715 "," 214,766 "
" 416,135 "," 416,090 "," 407,942 "," 428,955 "
" 373,723 "," 373,622 "," 362,194 "," 385,595 "
" 219,769 "," 218,959 "," 187,107 "," 249,296 "
" 120,128 "," 112,939 "," 118,283 "," 190,687 "
" 168,899 "," 114,192 "," 163,875 "," 285,373 "
" 346,761 "," 346,475 "," 336,098 "," 357,741 "
" 224,896 "," 217,598 "," 213,188 "," 426,071 "
" 288,655 "," 277,098 "," 287,188 "," 391,162 "
" 137,753 "," 132,249 "," 133,459 "," 224,715 "
" 144,842 "," 138,414 "," 133,376 "," 267,686 "
" 86,012 "," 72,025 "," 79,425 "," 157,639 "
" 324,127 "," 316,825 "," 306,604 "," 409,710 "
" 184,210 "," 178,006 "," 174,374 "," 258,116 "
" 156,763 "," 155,706 "," 151,711 "," 184,645 "
" 149,948 "," 128,841 "," 127,297 "," 223,262 "
" 139,708 "," 128,861 "," 116,738 "," 187,630 "
" 213,865 "," 204,327 "," 196,395 "," 290,891 "
" 176,713 "," 169,778 "," 171,185 "," 243,312 "
" 71,333 "," 47,593 "," 61,520 "," 134,410 "
" 118,864 "," 109,228 "," 105,833 "," 246,808 "
" 280,984 "," 279,336 "," 271,970 "," 355,585 "
" 194,958 "," 184,306 "," 184,814 "," 350,592 "
" 287,021 "," 286,972 "," 278,159 "," 296,147 "
" 142,636 "," 132,887 "," 135,268 "," 187,280 "
" 391,931 "," 391,871 "," 379,831 "," 404,392 "
" 629,267 "," 629,116 "," 613,502 "," 648,880 "
" 512,468 "," 512,385 "," 499,621 "," 528,449 "
" 137,511 "," 131,708 "," 121,647 "," 228,496 "
" 127,722 "," 100,861 "," 121,362 "," 201,709 "
" 195,473 "," 192,037 "," 189,341 "," 313,680 "
" 79,609 "," 66,868 "," 57,252 "," 137,182 "
" 200,489 "," 191,517 "," 184,208 "," 293,053 "
" 87,700 "," 74,153 "," 75,042 "," 185,886 "
" 266,874 "," 261,120 "," 252,688 "," 417,713 "
" 125,057 "," 118,202 "," 90,416 "," 251,241 "
" 76,602 "," 60,982 "," 72,723 "," 189,361 "
" 118,808 "," 116,252 "," 98,869 "," 185,369 "
" 145,887 "," 144,906 "," 128,239 "," 175,492 "
" 134,787 "," 119,014 "," 105,645 "," 207,911 "
" 163,328 "," 158,660 "," 162,499 "," 309,366 "
" 248,128 "," 245,769 "," 227,276 "," 344,263 "
" 136,118 "," 132,516 "," 112,646 "," 195,819 "
" 157,747 "," 146,338 "," 133,021 "," 265,095 "
" 310,783 "," 305,751 "," 293,922 "," 408,849 "
" 430,804 "," 429,824 "," 423,995 "," 489,355 "
" 268,717 "," 268,587 "," 258,742 "," 286,243 "
" 121,707 "," 118,936 "," 107,555 "," 205,298 "
" 67,057 "," 62,501 "," 51,021 "," 90,736 "
" 189,436 "," 184,429 "," 183,457 "," 254,587 "
" 349,653 "," 347,877 "," 330,420 "," 445,986 "
" 162,836 "," 147,775 "," 150,117 "," 289,936 "
" 515,812 "," 515,705 "," 499,892 "," 532,206 "
" 91,521 "," 85,595 "," 77,216 "," 159,865 "
" 63,660 "," 59,078 "," 60,350 "," 117,102 "
" 202,733 "," 202,519 "," 196,209 "," 223,099 "
" 187,332 "," 184,398 "," 177,101 "," 229,132 "
" 214,578 "," 214,220 "," 200,080 "," 237,282 "
" 249,548 "," 244,249 "," 245,697 "," 422,247 "
" 93,461 "," 89,161 "," 77,807 "," 138,598 "
" 256,816 "," 255,745 "," 237,084 "," 275,366 "
" 153,270 "," 139,715 "," 141,308 "," 281,568 "
" 154,222 "," 145,804 "," 135,994 "," 204,269 "
" 126,993 "," 122,967 "," 107,287 "," 241,914 "
" 567,807 "," 567,688 "," 550,285 "," 585,850 "
" 110,059 "," 91,034 "," 81,932 "," 209,547 "
" 172,858 "," 171,525 "," 151,312 "," 234,994 "
" 154,465 "," 146,406 "," 131,521 "," 336,613 "
" 214,224 "," 173,470 "," 198,086 "," 345,672 "
" 226,774 "," 225,647 "," 197,844 "," 284,472 "
" 753,530 "," 753,452 "," 738,696 "," 776,745 "
" 113,277 "," 109,697 "," 107,248 "," 170,552 "
" 162,332 "," 144,196 "," 144,244 "," 248,191 "
" 252,211 "," 249,159 "," 244,195 "," 341,541 "
" 308,337 "," 307,465 "," 284,562 "," 330,694 "
" 299,634 "," 292,905 "," 256,611 "," 338,401 "
" 190,762 "," 177,172 "," 184,874 "," 323,009 "
" 217,777 "," 216,894 "," 201,046 "," 233,505 "
" 344,165 "," 343,773 "," 317,513 "," 369,235 "
" 92,561 "," 89,694 "," 71,991 "," 161,407 "
" 126,108 "," 123,720 "," 115,815 "," 201,487 "
" 157,175 "," 154,009 "," 144,289 "," 242,039 "
" 248,823 "," 246,559 "," 229,143 "," 284,937 "
" 172,434 "," 142,703 "," 159,468 "," 262,760 "
" 119,965 "," 109,691 "," 101,151 "," 192,911 "
" 143,337 "," 138,760 "," 135,820 "," 254,688 "
" 170,081 "," 135,349 "," 157,221 "," 322,942 "
" 40,476 "," 37,969 "," 31,875 "," 74,424 "
" 117,921 "," 105,256 "," 108,739 "," 207,740 "
" 297,656 "," 297,267 "," 283,004 "," 328,195 "
" 140,117 "," 135,356 "," 132,771 "," 248,562 "
" 208,530 "," 191,734 "," 197,773 "," 391,049 "
" 348,254 "," 341,140 "," 342,840 "," 465,849 "
" 169,524 "," 165,813 "," 160,566 "," 284,439 "
" 343,226 "," 327,551 "," 337,957 "," 450,528 "
" 148,038 "," 142,976 "," 113,025 "," 193,616 "
" 110,238 "," 99,229 "," 98,120 "," 212,439 "
" 103,849 "," 89,808 "," 95,957 "," 276,254 "
" 484,576 "," 484,520 "," 477,528 "," 499,370 "
" 604,526 "," 604,135 "," 585,921 "," 623,684 "
" 134,725 "," 106,202 "," 124,626 "," 226,106 "
" 217,989 "," 214,149 "," 211,137 "," 338,287 "
" 213,866 "," 204,285 "," 202,536 "," 297,296 "
" 70,961 "," 69,663 "," 67,155 "," 108,004 "
" 109,425 "," 103,392 "," 100,690 "," 182,507 "
" 179,566 "," 158,461 "," 165,770 "," 255,305 "
" 239,210 "," 236,049 "," 237,986 "," 330,553 "
" 106,450 "," 75,128 "," 87,239 "," 181,327 "
" 412,376 "," 412,235 "," 399,659 "," 425,471 "
" 283,701 "," 258,989 "," 261,516 "," 386,481 "
" 90,078 "," 83,209 "," 68,990 "," 131,888 "
" 135,509 "," 106,847 "," 128,764 "," 219,113 "
" 362,558 "," 340,843 "," 362,558 "," 459,138 "
" 197,728 "," 192,318 "," 174,419 "," 309,353 "
" 99,727 "," 78,339 "," 92,184 "," 199,879 "
" 144,543 "," 136,529 "," 140,069 "," 256,256 "
" 175,499 "," 172,738 "," 145,494 "," 264,151 "
" 57,321 "," 41,093 "," 49,379 "," 90,911 "
" 45,403 "," 36,674 "," 40,550 "," 108,106 "
" 41,531 "," 36,729 "," 35,301 "," 79,498 "
" 288,311 "," 287,583 "," 265,151 "," 330,976 "
" 121,654 "," 107,404 "," 115,434 "," 193,294 "
" 105,862 "," 91,065 "," 100,465 "," 222,827 "
" 154,443 "," 153,370 "," 149,488 "," 195,443 "
" 319,002 "," 317,314 "," 266,887 "," 389,804 "
" 93,766 "," 72,549 "," 80,480 "," 172,453 "
" 269,638 "," 264,190 "," 261,137 "," 389,544 "
" 115,856 "," 99,540 "," 109,955 "," 203,576 "
" 60,403 "," 55,568 "," 55,621 "," 102,582 "
" 223,366 "," 223,027 "," 216,527 "," 230,406 "
" 99,413 "," 79,862 "," 79,954 "," 159,145 "
" 244,864 "," 244,273 "," 225,960 "," 262,642 "
" 150,722 "," 120,144 "," 146,192 "," 255,285 "
" 356,444 "," 355,389 "," 317,885 "," 412,005 "
" 231,507 "," 229,980 "," 227,886 "," 312,511 "
" 159,854 "," 138,584 "," 155,052 "," 224,418 "
" 55,086 "," 51,104 "," 42,627 "," 87,551 "
" 300,073 "," 283,192 "," 284,329 "," 459,071 "
" 143,952 "," 136,736 "," 127,941 "," 288,120 "
" 420,323 "," 420,225 "," 407,353 "," 433,680 "
" 209,918 "," 208,110 "," 196,055 "," 231,548 "
" 253,760 "," 232,278 "," 245,951 "," 399,249 "
" 96,778 "," 91,556 "," 85,656 "," 159,759 "
" 315,663 "," 315,349 "," 305,970 "," 325,642 "
" 360,373 "," 360,312 "," 349,248 "," 371,829 "
" 357,639 "," 356,914 "," 330,015 "," 383,619 "
" 120,175 "," 114,463 "," 116,430 "," 188,978 "
" 213,649 "," 213,614 "," 207,052 "," 220,443 "
" 367,325 "," 367,126 "," 356,009 "," 378,977 "
" 73,087 "," 65,109 "," 61,578 "," 104,069 "
" 319,279 "," 315,520 "," 274,522 "," 372,329 "
" 214,817 "," 209,366 "," 208,129 "," 378,094 "
" 103,751 "," 87,008 "," 77,839 "," 209,378 "
" 188,386 "," 172,783 "," 167,201 "," 314,090 "
" 233,353 "," 233,171 "," 228,788 "," 240,495 "
" 114,004 "," 106,689 "," 105,064 "," 220,805 "
" 155,861 "," 131,185 "," 153,538 "," 222,289 "
" 186,390 "," 168,190 "," 176,855 "," 257,504 "
" 297,867 "," 296,973 "," 288,229 "," 351,341 "
" 372,127 "," 316,267 "," 360,887 "," 581,287 "
" 226,960 "," 226,858 "," 219,962 "," 234,166 "
" 302,636 "," 301,585 "," 292,831 "," 344,456 "
" 261,021 "," 254,691 "," 252,771 "," 338,926 "
" 437,678 "," 437,575 "," 424,172 "," 451,585 "
" 174,670 "," 166,391 "," 132,030 "," 238,067 "
" 140,786 "," 137,760 "," 123,636 "," 197,712 "
" 178,938 "," 176,281 "," 169,212 "," 235,663 "
" 271,056 "," 267,503 "," 247,896 "," 334,734 "
" 141,517 "," 137,965 "," 129,681 "," 187,730 "
" 38,846 "," 36,700 "," 34,581 "," 91,118 "
" 265,918 "," 261,819 "," 244,107 "," 410,576 "
" 232,638 "," 231,729 "," 198,082 "," 263,876 "
" 146,827 "," 137,041 "," 135,360 "," 292,198 "
" 162,157 "," 159,238 "," 148,770 "," 241,210 "
" 72,515 "," 67,909 "," 57,448 "," 136,750 "
" 127,053 "," 101,205 "," 123,201 "," 267,016 "
" 113,908 "," 111,567 "," 100,149 "," 166,318 "
" 184,605 "," 182,020 "," 168,849 "," 204,306 "
" 355,311 "," 354,841 "," 333,345 "," 379,776 "
" 489,506 "," 489,282 "," 474,421 "," 505,038 "
" 91,105 "," 85,295 "," 68,104 "," 207,998 "
" 156,977 "," 130,063 "," 145,018 "," 283,966 "
" 210,842 "," 201,207 "," 193,701 "," 296,793 "
" 89,716 "," 73,864 "," 80,142 "," 137,022 "
" 48,203 "," 45,809 "," 40,106 "," 71,570 "
" 114,150 "," 97,791 "," 108,333 "," 212,893 "
" 176,087 "," 163,914 "," 166,911 "," 285,221 "
" 123,977 "," 118,053 "," 114,353 "," 275,414 "
" 218,502 "," 212,622 "," 206,770 "," 275,180 "
" 136,029 "," 131,429 "," 133,925 "," 193,135 "
" 49,792 "," 44,678 "," 16,955 "," 92,567 "
" 235,962 "," 231,731 "," 206,417 "," 294,420 "
" 147,005 "," 136,822 "," 130,591 "," 272,394 "
" 150,121 "," 130,346 "," 127,959 "," 280,905 "
" 305,935 "," 305,877 "," 296,492 "," 315,660 "
" 247,189 "," 244,920 "," 233,702 "," 326,407 "
" 247,574 "," 247,523 "," 239,931 "," 255,444 "
" 191,556 "," 190,584 "," 190,571 "," 232,076 "
" 156,551 "," 136,801 "," 148,582 "," 356,731 "
" 81,892 "," 78,287 "," 61,727 "," 111,935 "
" 325,956 "," 325,505 "," 297,206 "," 362,058 "
" 78,548 "," 64,595 "," 50,856 "," 160,256 "
" 357,771 "," 355,443 "," 352,161 "," 405,474 "
" 503,841 "," 503,696 "," 488,301 "," 519,844 "
" 62,571 "," 61,164 "," 48,246 "," 106,089 "
" 151,034 "," 150,211 "," 122,242 "," 180,285 "
" 163,930 "," 161,023 "," 150,563 "," 262,029 "
" 155,967 "," 153,523 "," 116,163 "," 225,434 "
" 138,262 "," 135,555 "," 126,982 "," 220,742 "
" 47,450 "," 38,769 "," 34,000 "," 128,315 "
" 184,724 "," 176,935 "," 170,280 "," 376,197 "
" 159,070 "," 153,098 "," 122,375 "," 256,790 "
" 108,861 "," 93,658 "," 92,823 "," 202,338 "
" 75,245 "," 73,541 "," 66,147 "," 109,914 "
" 105,166 "," 94,861 "," 93,475 "," 185,465 "
" 241,701 "," 206,710 "," 234,357 "," 425,846 "
" 187,674 "," 184,396 "," 165,626 "," 306,248 "
" 187,237 "," 185,747 "," 164,641 "," 225,122 "
" 86,522 "," 84,714 "," 70,384 "," 102,870 "
" 131,378 "," 131,206 "," 127,348 "," 135,526 "
" 151,776 "," 144,095 "," 128,191 "," 276,178 "
" 180,524 "," 176,155 "," 171,023 "," 312,544 "
" 216,866 "," 216,065 "," 204,852 "," 266,703 "
" 79,860 "," 76,112 "," 41,490 "," 164,200 "
" 91,641 "," 85,668 "," 88,805 "," 161,867 "
" 230,060 "," 226,986 "," 228,886 "," 351,780 "
" 331,179 "," 331,097 "," 320,960 "," 341,703 "
" 168,865 "," 127,057 "," 163,780 "," 320,995 "
" 371,579 "," 368,846 "," 342,060 "," 425,810 "
" 239,571 "," 239,155 "," 221,042 "," 256,999 "
" 91,220 "," 90,477 "," 79,826 "," 124,118 "
" 117,025 "," 84,507 "," 105,005 "," 188,729 "
" 254,019 "," 253,927 "," 250,092 "," 270,124 "
" 221,701 "," 182,227 "," 218,399 "," 324,236 "
" 595,442 "," 595,251 "," 580,534 "," 613,988 "
" 71,194 "," 65,810 "," 60,284 "," 131,831 "
" 144,334 "," 91,164 "," 112,076 "," 259,024 "
" 169,201 "," 159,212 "," 160,335 "," 257,859 "
" 116,384 "," 115,156 "," 106,592 "," 161,537 "
" 552,062 "," 551,970 "," 535,021 "," 569,610 "
" 157,693 "," 151,807 "," 131,084 "," 198,928 "
" 226,083 "," 225,408 "," 208,650 "," 242,476 "
" 165,484 "," 156,183 "," 152,387 "," 293,336 "
" 429,583 "," 429,386 "," 416,344 "," 443,214 "
" 176,649 "," 126,897 "," 168,029 "," 271,987 "
" 190,560 "," 185,067 "," 180,445 "," 223,045 "
" 301,381 "," 295,939 "," 291,817 "," 378,703 "
