1,1,47,1190000,0,0,0,0,10,0,0,4,0,0,0,0,0
2,1,21,1278000,0,0,0,1,10,0,0,2,0,0,0,0,0
3,1,39,732000,0,0,0,0,10,0,0,12,0,0,0,0,0
4,1,28,842000,0,0,0,0,10,0,0,5,0,0,0,0,0
5,1,27,1100000,0,0,0,0,10,0,0,5,0,0,0,0,0
6,1,41,1131000,0,0,0,0,10,0,0,11,0,0,0,0,0
7,1,52,658000,0,0,0,1,10,0,0,7,0,0,0,0,0
8,1,41,1118000,0,0,0,1,10,0,0,5,0,0,0,0,0
9,1,37,1320000,0,0,0,1,10,0,0,6,0,0,0,0,0
10,1,35,1046000,0,0,0,0,10,0,0,2,0,0,0,0,0
11,1,58,622000,0,0,0,0,10,0,0,7,0,0,0,0,0
12,1,26,1751000,0,0,0,1,10,0,0,9,0,0,0,0,0
13,1,34,899000,0,0,0,1,10,0,0,2,0,0,0,0,0
14,1,44,690000,0,0,0,0,10,0,0,7,0,0,0,0,0
15,1,26,895000,0,0,0,0,10,0,0,7,0,0,0,0,0
16,1,40,894000,0,0,0,0,10,0,0,8,0,0,0,0,0
17,1,29,844000,0,0,0,0,10,0,0,7,0,0,0,0,0
18,1,39,1207000,0,0,0,0,10,0,0,12,0,0,0,0,0
19,1,30,677000,0,0,0,0,10,0,0,12,0,0,0,0,0
20,1,22,561000,0,0,0,0,10,0,0,6,0,0,0,0,0
21,1,36,956000,0,0,0,0,10,0,0,7,0,0,0,0,0
22,1,30,800000,0,0,0,0,10,0,0,11,0,0,0,0,0
23,1,21,1311000,0,0,0,1,10,0,0,1,0,0,0,0,0
24,1,31,502000,0,0,0,1,10,0,0,7,0,0,0,0,0
25,1,60,911000,0,0,0,1,10,0,0,1,0,0,0,0,0
26,1,24,846000,0,0,0,0,10,0,0,10,0,0,0,0,0
27,1,38,636000,0,0,0,0,10,0,0,6,0,0,0,0,0
28,1,21,665000,0,0,0,1,10,0,0,2,0,0,0,0,0
29,1,49,962000,0,0,0,1,10,0,0,6,0,0,0,0,0
30,1,47,606000,0,0,0,1,10,0,0,3,0,0,0,0,0
31,1,37,527000,0,0,0,0,10,0,0,6,0,0,0,0,0
32,1,47,1291000,0,0,0,0,10,0,0,12,0,0,0,0,0
33,1,51,711000,0,0,0,1,10,0,0,12,0,0,0,0,0
34,1,32,512000,0,0,0,0,10,0,0,4,0,0,0,0,0
35,1,28,584000,0,0,0,1,10,0,0,12,0,0,0,0,0
36,1,36,1308000,0,0,0,1,10,0,0,12,0,0,0,0,0
37,1,22,840000,0,0,0,1,10,0,0,6,0,0,0,0,0
38,1,56,926000,0,0,0,0,10,0,0,8,0,0,0,0,0
39,1,30,742000,0,0,0,1,10,0,0,1,0,0,0,0,0
40,1,44,1373000,0,0,0,0,10,0,0,4,0,0,0,0,0
41,1,41,1418000,0,0,0,1,10,0,0,10,0,0,0,0,0
42,1,51,945000,0,0,0,1,10,0,0,9,0,0,0,0,0
43,1,58,748000,0,0,0,1,10,0,0,5,0,0,0,0,0
44,1,21,1013000,0,0,0,0,10,0,0,2,0,0,0,0,0
45,1,44,1186000,0,0,0,1,10,0,0,8,0,0,0,0,0
46,1,54,1231000,0,0,0,0,10,0,0,2,0,0,0,0,0
47,1,25,891000,0,0,0,0,10,0,0,5,0,0,0,0,0
48,1,41,838000,0,0,0,1,10,0,0,6,0,0,0,0,0
49,1,27,864000,0,0,0,1,10,0,0,11,0,0,0,0,0
50,1,27,942000,0,0,0,0,10,0,0,8,0,0,0,0,0
51,1,53,1306000,0,0,0,1,10,0,0,10,0,0,0,0,0
52,1,31,1174000,0,0,0,1,10,0,0,8,0,0,0,0,0
53,1,39,844000,0,0,0,0,10,0,0,1,0,0,0,0,0
54,1,35,1276000,0,0,0,1,10,0,0,3,0,0,0,0,0
55,1,21,1040000,0,0,0,0,10,0,0,8,0,0,0,0,0
56,1,34,868000,0,0,0,0,10,0,0,4,0,0,0,0,0
57,1,37,430000,0,0,0,0,10,0,0,11,0,0,0,0,0
58,1,42,1445000,0,0,0,0,10,0,0,5,0,0,0,0,0
59,1,49,530000,0,0,0,0,10,0,0,9,0,0,0,0,0
60,1,21,916000,0,0,0,0,10,0,0,10,0,0,0,0,0
61,1,57,1190000,0,0,0,1,10,0,0,9,0,0,0,0,0
62,1,38,636000,0,0,0,1,10,0,0,9,0,0,0,0,0
63,1,27,1339000,0,0,0,0,10,0,0,4,0,0,0,0,0
64,1,35,1421000,0,0,0,0,10,0,0,10,0,0,0,0,0
65,1,60,740000,0,0,0,1,10,0,0,7,0,0,0,0,0
66,1,25,914000,0,0,0,0,10,0,0,9,0,0,0,0,0
67,1,36,1135000,0,0,0,0,10,0,0,8,0,0,0,0,0
68,1,32,376000,0,0,0,1,10,0,0,7,0,0,0,0,0
69,1,52,666000,0,0,0,1,10,0,0,11,0,0,0,0,0
70,1,33,1081000,0,0,0,1,10,0,0,3,0,0,0,0,0
71,1,36,909000,0,0,0,1,10,0,0,3,0,0,0,0,0
72,1,22,1115000,0,0,0,0,10,0,0,8,0,0,0,0,0
73,1,34,1022000,0,0,0,0,10,0,0,3,0,0,0,0,0
74,1,45,1256000,0,0,0,1,10,0,0,8,0,0,0,0,0
75,1,49,988000,0,0,0,0,10,0,0,11,0,0,0,0,0
76,1,21,835000,0,0,0,1,10,0,0,12,0,0,0,0,0
77,1,23,741000,0,0,0,1,10,0,0,2,0,0,0,0,0
78,1,36,1155000,0,0,0,0,10,0,0,1,0,0,0,0,0
79,1,40,965000,0,0,0,1,10,0,0,1,0,0,0,0,0
80,1,57,987000,0,0,0,0,10,0,0,6,0,0,0,0,0
81,1,44,859000,0,0,0,1,10,0,0,12,0,0,0,0,0
82,1,45,621000,0,0,0,0,10,0,0,2,0,0,0,0,0
83,1,42,1301000,0,0,0,1,10,0,0,9,0,0,0,0,0
84,1,21,1482000,0,0,0,0,10,0,0,5,0,0,0,0,0
85,1,21,998000,0,0,0,1,10,0,0,4,0,0,0,0,0
86,1,21,695000,0,0,0,0,10,0,0,10,0,0,0,0,0
87,1,42,708000,0,0,0,1,10,0,0,6,0,0,0,0,0
88,1,34,740000,0,0,0,1,10,0,0,2,0,0,0,0,0
89,1,37,1379000,0,0,0,0,10,0,0,11,0,0,0,0,0
90,1,38,1002000,0,0,0,0,10,0,0,7,0,0,0,0,0
91,1,60,1446000,0,0,0,0,10,0,0,5,0,0,0,0,0
92,1,21,1117000,0,0,0,0,10,0,0,7,0,0,0,0,0
93,1,25,641000,0,0,0,0,10,0,0,11,0,0,0,0,0
94,1,25,1503000,0,0,0,0,10,0,0,3,0,0,0,0,0
95,1,25,653000,0,0,0,1,10,0,0,2,0,0,0,0,0
96,1,21,986000,0,0,0,0,10,0,0,1,0,0,0,0,0
97,1,30,1036000,0,0,0,1,10,0,0,1,0,0,0,0,0
98,1,35,873000,0,0,0,0,10,0,0,6,0,0,0,0,0
99,1,44,936000,0,0,0,0,10,0,0,2,0,0,0,0,0
100,1,44,1175000,0,0,0,1,10,0,0,6,0,0,0,0,0
101,1,57,959000,0,0,0,0,10,0,0,7,0,0,0,0,0
102,1,29,1115000,0,0,0,0,10,0,0,6,0,0,0,0,0
103,1,24,1020000,0,0,0,1,10,0,0,7,0,0,0,0,0
104,1,45,985000,0,0,0,0,10,0,0,5,0,0,0,0,0
105,1,22,612000,0,0,0,1,10,0,0,4,0,0,0,0,0
106,1,36,962000,0,0,0,0,10,0,0,6,0,0,0,0,0
107,1,29,1821000,0,0,0,1,10,0,0,3,0,0,0,0,0
108,1,44,689000,0,0,0,0,10,0,0,11,0,0,0,0,0
109,1,36,804000,0,0,0,0,10,0,0,6,0,0,0,0,0
110,1,21,1121000,0,0,0,0,10,0,0,7,0,0,0,0,0
111,1,46,965000,0,0,0,1,10,0,0,10,0,0,0,0,0
112,1,57,1256000,0,0,0,0,10,0,0,1,0,0,0,0,0
113,1,43,680000,0,0,0,0,10,0,0,4,0,0,0,0,0
114,1,59,784000,0,0,0,1,10,0,0,1,0,0,0,0,0
115,1,21,821000,0,0,0,1,10,0,0,12,0,0,0,0,0
116,1,21,1045000,0,0,0,1,10,0,0,8,0,0,0,0,0
117,1,39,920000,0,0,0,1,10,0,0,3,0,0,0,0,0
118,1,60,1004000,0,0,0,0,10,0,0,9,0,0,0,0,0
119,1,60,774000,0,0,0,1,10,0,0,6,0,0,0,0,0
120,1,43,1197000,0,0,0,0,10,0,0,9,0,0,0,0,0
121,1,22,986000,0,0,0,0,10,0,0,2,0,0,0,0,0
122,1,21,1500000,0,0,0,1,10,0,0,11,0,0,0,0,0
123,1,30,1242000,0,0,0,1,10,0,0,12,0,0,0,0,0
124,1,57,906000,0,0,0,1,10,0,0,8,0,0,0,0,0
125,1,45,852000,0,0,0,0,10,0,0,10,0,0,0,0,0
126,1,23,864000,0,0,0,0,10,0,0,7,0,0,0,0,0
127,1,46,1434000,0,0,0,0,10,0,0,9,0,0,0,0,0
128,1,32,404000,0,0,0,0,10,0,0,12,0,0,0,0,0
129,1,31,1157000,0,0,0,0,10,0,0,3,0,0,0,0,0
130,1,21,1555000,0,0,0,0,10,0,0,11,0,0,0,0,0
131,1,45,1063000,0,0,0,0,10,0,0,9,0,0,0,0,0
132,1,60,1221000,0,0,0,0,10,0,0,5,0,0,0,0,0
133,1,60,1073000,0,0,0,1,10,0,0,1,0,0,0,0,0
134,1,38,1426000,0,0,0,1,10,0,0,11,0,0,0,0,0
135,1,41,943000,0,0,0,0,10,0,0,12,0,0,0,0,0
136,1,31,1092000,0,0,0,0,10,0,0,2,0,0,0,0,0
137,1,35,979000,0,0,0,0,10,0,0,3,0,0,0,0,0
138,1,45,1382000,0,0,0,0,10,0,0,4,0,0,0,0,0
139,1,28,974000,0,0,0,0,10,0,0,9,0,0,0,0,0
140,1,57,1569000,0,0,0,0,10,0,0,12,0,0,0,0,0
141,1,49,1673000,0,0,0,0,10,0,0,3,0,0,0,0,0
142,1,52,856000,0,0,0,1,10,0,0,7,0,0,0,0,0
143,1,21,703000,0,0,0,1,10,0,0,5,0,0,0,0,0
144,1,27,935000,0,0,0,1,10,0,0,3,0,0,0,0,0
145,1,47,672000,0,0,0,1,10,0,0,11,0,0,0,0,0
146,1,46,1157000,0,0,0,1,10,0,0,1,0,0,0,0,0
147,1,41,873000,0,0,0,1,10,0,0,11,0,0,0,0,0
148,1,32,1299000,0,0,0,1,10,0,0,2,0,0,0,0,0
149,1,40,808000,0,0,0,0,10,0,0,5,0,0,0,0,0
150,1,37,1305000,0,0,0,0,10,0,0,7,0,0,0,0,0
151,1,23,556000,0,0,0,0,10,0,0,1,0,0,0,0,0
152,1,23,936000,0,0,0,0,10,0,0,9,0,0,0,0,0
153,1,60,1137000,0,0,0,1,10,0,0,12,0,0,0,0,0
154,1,34,1009000,0,0,0,1,10,0,0,4,0,0,0,0,0
155,1,29,1395000,0,0,0,0,10,0,0,10,0,0,0,0,0
156,1,21,1224000,0,0,0,1,10,0,0,4,0,0,0,0,0
157,1,21,1482000,0,0,0,0,10,0,0,10,0,0,0,0,0
158,1,28,1753000,0,0,0,0,10,0,0,10,0,0,0,0,0
159,1,43,748000,0,0,0,0,10,0,0,12,0,0,0,0,0
160,1,60,1008000,0,0,0,1,10,0,0,9,0,0,0,0,0
161,1,41,880000,0,0,0,0,10,0,0,5,0,0,0,0,0
162,1,33,1114000,0,0,0,1,10,0,0,6,0,0,0,0,0
163,1,60,851000,0,0,0,1,10,0,0,11,0,0,0,0,0
164,1,37,1243000,0,0,0,1,10,0,0,5,0,0,0,0,0
165,1,60,1066000,0,0,0,0,10,0,0,12,0,0,0,0,0
166,1,44,1020000,0,0,0,1,10,0,0,12,0,0,0,0,0
167,1,52,1008000,0,0,0,0,10,0,0,9,0,0,0,0,0
168,1,21,987000,0,0,0,0,10,0,0,4,0,0,0,0,0
169,1,21,877000,0,0,0,0,10,0,0,11,0,0,0,0,0
170,1,41,1289000,0,0,0,0,10,0,0,8,0,0,0,0,0
171,1,33,700000,0,0,0,0,10,0,0,2,0,0,0,0,0
172,1,50,1185000,0,0,0,0,10,0,0,8,0,0,0,0,0
173,1,38,794000,0,0,0,1,10,0,0,5,0,0,0,0,0
174,1,50,1057000,0,0,0,1,10,0,0,10,0,0,0,0,0
175,1,39,1035000,0,0,0,0,10,0,0,3,0,0,0,0,0
176,1,31,1431000,0,0,0,1,10,0,0,1,0,0,0,0,0
177,1,39,914000,0,0,0,0,10,0,0,6,0,0,0,0,0
178,1,21,469000,0,0,0,0,10,0,0,4,0,0,0,0,0
179,1,60,855000,0,0,0,1,10,0,0,8,0,0,0,0,0
180,1,55,1199000,0,0,0,1,10,0,0,5,0,0,0,0,0
181,1,43,955000,0,0,0,0,10,0,0,7,0,0,0,0,0
182,1,21,1178000,0,0,0,0,10,0,0,5,0,0,0,0,0
183,1,51,1160000,0,0,0,1,10,0,0,4,0,0,0,0,0
184,1,45,1221000,0,0,0,1,10,0,0,5,0,0,0,0,0
185,1,34,961000,0,0,0,1,10,0,0,4,0,0,0,0,0
186,1,30,698000,0,0,0,1,10,0,0,1,0,0,0,0,0
187,1,60,1148000,0,0,0,0,10,0,0,5,0,0,0,0,0
188,1,21,1203000,0,0,0,0,10,0,0,7,0,0,0,0,0
189,1,50,720000,0,0,0,0,10,0,0,9,0,0,0,0,0
190,1,22,1108000,0,0,0,0,10,0,0,2,0,0,0,0,0
191,1,53,1025000,0,0,0,0,10,0,0,6,0,0,0,0,0
192,1,32,764000,0,0,0,0,10,0,0,7,0,0,0,0,0
193,1,23,1072000,0,0,0,1,10,0,0,10,0,0,0,0,0
194,1,34,743000,0,0,0,0,10,0,0,5,0,0,0,0,0
195,1,42,1144000,0,0,0,0,10,0,0,2,0,0,0,0,0
196,1,21,1337000,0,0,0,0,10,0,0,7,0,0,0,0,0
197,1,21,1271000,0,0,0,1,10,0,0,10,0,0,0,0,0
198,1,37,587000,0,0,0,0,10,0,0,9,0,0,0,0,0
199,1,57,847000,0,0,0,1,10,0,0,2,0,0,0,0,0
200,1,60,1281000,0,0,0,0,10,0,0,8,0,0,0,0,0
201,1,21,833000,0,0,0,0,10,0,0,7,0,0,0,0,0
202,1,54,1361000,0,0,0,0,10,0,0,9,0,0,0,0,0
203,1,34,1516000,0,0,0,0,10,0,0,5,0,0,0,0,0
204,1,40,1401000,0,0,0,0,10,0,0,12,0,0,0,0,0
205,1,38,1446000,0,0,0,0,10,0,0,8,0,0,0,0,0
206,1,49,1400000,0,0,0,1,10,0,0,9,0,0,0,0,0
207,1,44,1056000,0,0,0,0,10,0,0,3,0,0,0,0,0
208,1,21,1216000,0,0,0,1,10,0,0,6,0,0,0,0,0
209,1,27,1062000,0,0,0,1,10,0,0,10,0,0,0,0,0
210,1,23,587000,0,0,0,0,10,0,0,10,0,0,0,0,0
211,1,48,1226000,0,0,0,0,10,0,0,9,0,0,0,0,0
212,1,45,1113000,0,0,0,0,10,0,0,5,0,0,0,0,0
213,1,30,742000,0,0,0,1,10,0,0,8,0,0,0,0,0
214,1,48,793000,0,0,0,0,10,0,0,5,0,0,0,0,0
215,1,49,939000,0,0,0,1,10,0,0,7,0,0,0,0,0
216,1,30,687000,0,0,0,0,10,0,0,9,0,0,0,0,0
217,1,49,928000,0,0,0,0,10,0,0,7,0,0,0,0,0
218,1,48,1142000,0,0,0,0,10,0,0,8,0,0,0,0,0
219,1,44,711000,0,0,0,0,10,0,0,4,0,0,0,0,0
220,1,22,792000,0,0,0,0,10,0,0,5,0,0,0,0,0
221,1,36,895000,0,0,0,1,10,0,0,2,0,0,0,0,0
222,1,60,756000,0,0,0,0,10,0,0,4,0,0,0,0,0
223,1,21,971000,0,0,0,0,10,0,0,12,0,0,0,0,0
224,1,42,1179000,0,0,0,0,10,0,0,12,0,0,0,0,0
225,1,41,703000,0,0,0,0,10,0,0,2,0,0,0,0,0
226,1,21,973000,0,0,0,1,10,0,0,5,0,0,0,0,0
227,1,31,756000,0,0,0,0,10,0,0,6,0,0,0,0,0
228,1,55,1060000,0,0,0,0,10,0,0,6,0,0,0,0,0
229,1,45,986000,0,0,0,1,10,0,0,8,0,0,0,0,0
230,1,45,1047000,0,0,0,0,10,0,0,12,0,0,0,0,0
231,1,41,974000,0,0,0,0,10,0,0,10,0,0,0,0,0
232,1,50,997000,0,0,0,0,10,0,0,10,0,0,0,0,0
233,1,42,775000,0,0,0,0,10,0,0,10,0,0,0,0,0
234,1,38,1143000,0,0,0,0,10,0,0,10,0,0,0,0,0
235,1,21,354000,0,0,0,0,10,0,0,10,0,0,0,0,0
236,1,60,725000,0,0,0,0,10,0,0,4,0,0,0,0,0
237,1,49,1093000,0,0,0,0,10,0,0,9,0,0,0,0,0
238,1,21,782000,0,0,0,0,10,0,0,6,0,0,0,0,0
239,1,48,748000,0,0,0,1,10,0,0,6,0,0,0,0,0
240,1,49,1467000,0,0,0,0,10,0,0,2,0,0,0,0,0
241,1,21,996000,0,0,0,1,10,0,0,6,0,0,0,0,0
242,1,46,907000,0,0,0,1,10,0,0,9,0,0,0,0,0
243,1,25,829000,0,0,0,1,10,0,0,5,0,0,0,0,0
244,1,40,413000,0,0,0,0,10,0,0,6,0,0,0,0,0
245,1,31,1070000,0,0,0,1,10,0,0,3,0,0,0,0,0
246,1,38,1068000,0,0,0,1,10,0,0,6,0,0,0,0,0
247,1,24,661000,0,0,0,1,10,0,0,7,0,0,0,0,0
248,1,44,611000,0,0,0,0,10,0,0,2,0,0,0,0,0
249,1,30,827000,0,0,0,1,10,0,0,11,0,0,0,0,0
250,1,57,1271000,0,0,0,1,10,0,0,9,0,0,0,0,0
1,1,25,20000,0,0,0,0,11,0,0,4,0,0,0,0,0
2,1,41,20000,0,0,0,1,11,0,0,5,0,0,0,0,0
3,1,25,20000,0,0,0,0,11,0,0,4,0,0,0,0,0
4,1,32,20000,0,0,0,0,11,0,0,4,0,0,0,0,0
5,1,39,20000,0,0,0,0,11,0,0,10,0,0,0,0,0
6,1,41,22000,0,0,0,0,11,0,0,10,0,0,0,0,0
7,1,42,20000,0,0,0,1,11,0,0,8,0,0,0,0,0
8,1,48,22000,0,0,0,0,11,0,0,3,0,0,0,0,0
9,1,33,20000,0,0,0,0,11,0,0,9,0,0,0,0,0
10,1,46,21000,0,0,0,1,11,0,0,9,0,0,0,0,0
11,1,50,20000,0,0,0,1,11,0,0,12,0,0,0,0,0
12,1,39,20000,0,0,0,1,11,0,0,10,0,0,0,0,0
13,1,26,22000,0,0,0,1,11,0,0,10,0,0,0,0,0
14,1,36,23000,0,0,0,1,11,0,0,2,0,0,0,0,0
15,1,35,20000,0,0,0,1,11,0,0,6,0,0,0,0,0
16,1,26,20000,0,0,0,1,11,0,0,4,0,0,0,0,0
17,1,27,24000,0,0,0,0,11,0,0,10,0,0,0,0,0
18,1,25,22000,0,0,0,1,11,0,0,4,0,0,0,0,0
19,1,30,22000,0,0,0,0,11,0,0,3,0,0,0,0,0
20,1,50,20000,0,0,0,1,11,0,0,10,0,0,0,0,0
21,1,50,20000,0,0,0,0,11,0,0,6,0,0,0,0,0
22,1,38,20000,0,0,0,0,11,0,0,6,0,0,0,0,0
23,1,25,20000,0,0,0,1,11,0,0,8,0,0,0,0,0
24,1,25,20000,0,0,0,1,11,0,0,10,0,0,0,0,0
25,1,25,20000,0,0,0,0,11,0,0,6,0,0,0,0,0
26,1,47,20000,0,0,0,0,11,0,0,12,0,0,0,0,0
27,1,50,20000,0,0,0,1,11,0,0,11,0,0,0,0,0
28,1,40,20000,0,0,0,0,11,0,0,4,0,0,0,0,0
29,1,50,24000,0,0,0,1,11,0,0,9,0,0,0,0,0
30,1,25,20000,0,0,0,0,11,0,0,9,0,0,0,0,0
31,1,39,20000,0,0,0,1,11,0,0,5,0,0,0,0,0
32,1,27,20000,0,0,0,0,11,0,0,1,0,0,0,0,0
33,1,49,20000,0,0,0,1,11,0,0,3,0,0,0,0,0
34,1,50,21000,0,0,0,0,11,0,0,12,0,0,0,0,0
35,1,50,20000,0,0,0,0,11,0,0,12,0,0,0,0,0
36,1,28,28000,0,0,0,1,11,0,0,1,0,0,0,0,0
37,1,50,20000,0,0,0,0,11,0,0,5,0,0,0,0,0
38,1,25,23000,0,0,0,0,11,0,0,8,0,0,0,0,0
39,1,35,20000,0,0,0,1,11,0,0,10,0,0,0,0,0
40,1,50,20000,0,0,0,0,11,0,0,9,0,0,0,0,0
41,1,40,23000,0,0,0,1,11,0,0,9,0,0,0,0,0
42,1,36,23000,0,0,0,1,11,0,0,10,0,0,0,0,0
43,1,50,20000,0,0,0,0,11,0,0,9,0,0,0,0,0
44,1,29,20000,0,0,0,0,11,0,0,7,0,0,0,0,0
45,1,25,20000,0,0,0,1,11,0,0,5,0,0,0,0,0
46,1,25,20000,0,0,0,0,11,0,0,12,0,0,0,0,0
47,1,31,21000,0,0,0,1,11,0,0,10,0,0,0,0,0
48,1,37,21000,0,0,0,0,11,0,0,8,0,0,0,0,0
49,1,49,20000,0,0,0,0,11,0,0,10,0,0,0,0,0
50,1,29,20000,0,0,0,1,11,0,0,3,0,0,0,0,0
51,1,45,20000,0,0,0,1,11,0,0,8,0,0,0,0,0
52,1,26,20000,0,0,0,0,11,0,0,6,0,0,0,0,0
53,1,48,20000,0,0,0,0,11,0,0,10,0,0,0,0,0
54,1,50,20000,0,0,0,0,11,0,0,7,0,0,0,0,0
55,1,49,20000,0,0,0,0,11,0,0,2,0,0,0,0,0
56,1,46,20000,0,0,0,1,11,0,0,8,0,0,0,0,0
57,1,27,20000,0,0,0,1,11,0,0,6,0,0,0,0,0
58,1,32,20000,0,0,0,1,11,0,0,12,0,0,0,0,0
59,1,45,22000,0,0,0,1,11,0,0,8,0,0,0,0,0
60,1,25,31000,0,0,0,0,11,0,0,3,0,0,0,0,0
61,1,48,20000,0,0,0,0,11,0,0,2,0,0,0,0,0
62,1,37,21000,0,0,0,0,11,0,0,9,0,0,0,0,0
63,1,46,23000,0,0,0,1,11,0,0,7,0,0,0,0,0
64,1,25,20000,0,0,0,0,11,0,0,8,0,0,0,0,0
65,1,33,20000,0,0,0,0,11,0,0,11,0,0,0,0,0
66,1,25,22000,0,0,0,0,11,0,0,5,0,0,0,0,0
67,1,41,22000,0,0,0,0,11,0,0,5,0,0,0,0,0
68,1,25,21000,0,0,0,0,11,0,0,4,0,0,0,0,0
69,1,46,20000,0,0,0,1,11,0,0,2,0,0,0,0,0
70,1,25,20000,0,0,0,0,11,0,0,2,0,0,0,0,0
71,1,31,20000,0,0,0,1,11,0,0,11,0,0,0,0,0
72,1,50,22000,0,0,0,1,11,0,0,4,0,0,0,0,0
73,1,45,20000,0,0,0,0,11,0,0,5,0,0,0,0,0
74,1,25,20000,0,0,0,1,11,0,0,1,0,0,0,0,0
75,1,31,24000,0,0,0,1,11,0,0,8,0,0,0,0,0
76,1,25,20000,0,0,0,0,11,0,0,2,0,0,0,0,0
77,1,49,20000,0,0,0,1,11,0,0,12,0,0,0,0,0
78,1,46,24000,0,0,0,0,11,0,0,7,0,0,0,0,0
79,1,36,20000,0,0,0,1,11,0,0,4,0,0,0,0,0
80,1,42,24000,0,0,0,1,11,0,0,3,0,0,0,0,0
81,1,28,20000,0,0,0,1,11,0,0,2,0,0,0,0,0
82,1,50,20000,0,0,0,0,11,0,0,9,0,0,0,0,0
83,1,40,27000,0,0,0,1,11,0,0,2,0,0,0,0,0
84,1,36,20000,0,0,0,1,11,0,0,8,0,0,0,0,0
85,1,30,20000,0,0,0,1,11,0,0,1,0,0,0,0,0
86,1,30,20000,0,0,0,1,11,0,0,4,0,0,0,0,0
87,1,50,20000,0,0,0,1,11,0,0,2,0,0,0,0,0
88,1,30,20000,0,0,0,1,11,0,0,12,0,0,0,0,0
89,1,50,20000,0,0,0,1,11,0,0,12,0,0,0,0,0
90,1,31,20000,0,0,0,1,11,0,0,11,0,0,0,0,0
91,1,33,20000,0,0,0,1,11,0,0,6,0,0,0,0,0
92,1,47,20000,0,0,0,0,11,0,0,10,0,0,0,0,0
93,1,27,20000,0,0,0,1,11,0,0,12,0,0,0,0,0
94,1,40,21000,0,0,0,0,11,0,0,4,0,0,0,0,0
95,1,30,23000,0,0,0,1,11,0,0,5,0,0,0,0,0
96,1,25,20000,0,0,0,1,11,0,0,4,0,0,0,0,0
97,1,40,21000,0,0,0,1,11,0,0,5,0,0,0,0,0
98,1,25,25000,0,0,0,0,11,0,0,10,0,0,0,0,0
99,1,43,20000,0,0,0,1,11,0,0,6,0,0,0,0,0
100,1,49,22000,0,0,0,1,11,0,0,6,0,0,0,0,0
101,1,38,20000,0,0,0,1,11,0,0,10,0,0,0,0,0
102,1,39,20000,0,0,0,1,11,0,0,3,0,0,0,0,0
103,1,50,20000,0,0,0,1,11,0,0,11,0,0,0,0,0
104,1,35,20000,0,0,0,0,11,0,0,9,0,0,0,0,0
105,1,36,20000,0,0,0,0,11,0,0,3,0,0,0,0,0
106,1,45,20000,0,0,0,1,11,0,0,5,0,0,0,0,0
107,1,30,20000,0,0,0,0,11,0,0,9,0,0,0,0,0
108,1,25,21000,0,0,0,0,11,0,0,6,0,0,0,0,0
109,1,50,20000,0,0,0,0,11,0,0,7,0,0,0,0,0
110,1,50,20000,0,0,0,1,11,0,0,6,0,0,0,0,0
111,1,35,20000,0,0,0,1,11,0,0,6,0,0,0,0,0
112,1,36,20000,0,0,0,0,11,0,0,9,0,0,0,0,0
113,1,50,20000,0,0,0,0,11,0,0,2,0,0,0,0,0
114,1,43,20000,0,0,0,0,11,0,0,1,0,0,0,0,0
115,1,50,20000,0,0,0,0,11,0,0,6,0,0,0,0,0
116,1,29,20000,0,0,0,1,11,0,0,8,0,0,0,0,0
117,1,34,23000,0,0,0,0,11,0,0,5,0,0,0,0,0
118,1,45,21000,0,0,0,0,11,0,0,4,0,0,0,0,0
119,1,25,21000,0,0,0,0,11,0,0,12,0,0,0,0,0
120,1,50,20000,0,0,0,1,11,0,0,10,0,0,0,0,0
121,1,50,20000,0,0,0,0,11,0,0,5,0,0,0,0,0
122,1,45,20000,0,0,0,1,11,0,0,12,0,0,0,0,0
123,1,40,20000,0,0,0,0,11,0,0,1,0,0,0,0,0
124,1,36,22000,0,0,0,1,11,0,0,2,0,0,0,0,0
125,1,35,20000,0,0,0,0,11,0,0,12,0,0,0,0,0
126,1,44,20000,0,0,0,1,11,0,0,7,0,0,0,0,0
127,1,50,20000,0,0,0,1,11,0,0,10,0,0,0,0,0
128,1,50,24000,0,0,0,1,11,0,0,7,0,0,0,0,0
129,1,32,20000,0,0,0,1,11,0,0,10,0,0,0,0,0
130,1,29,20000,0,0,0,0,11,0,0,6,0,0,0,0,0
131,1,37,20000,0,0,0,0,11,0,0,1,0,0,0,0,0
132,1,44,20000,0,0,0,1,11,0,0,4,0,0,0,0,0
133,1,35,20000,0,0,0,0,11,0,0,8,0,0,0,0,0
134,1,25,23000,0,0,0,0,11,0,0,8,0,0,0,0,0
135,1,45,22000,0,0,0,0,11,0,0,11,0,0,0,0,0
136,1,27,20000,0,0,0,0,11,0,0,2,0,0,0,0,0
137,1,34,20000,0,0,0,1,11,0,0,10,0,0,0,0,0
138,1,50,20000,0,0,0,0,11,0,0,6,0,0,0,0,0
139,1,25,24000,0,0,0,0,11,0,0,2,0,0,0,0,0
140,1,25,20000,0,0,0,1,11,0,0,9,0,0,0,0,0
141,1,38,20000,0,0,0,1,11,0,0,7,0,0,0,0,0
142,1,25,20000,0,0,0,0,11,0,0,2,0,0,0,0,0
143,1,35,20000,0,0,0,0,11,0,0,10,0,0,0,0,0
144,1,32,28000,0,0,0,0,11,0,0,5,0,0,0,0,0
145,1,25,20000,0,0,0,0,11,0,0,8,0,0,0,0,0
146,1,50,20000,0,0,0,0,11,0,0,9,0,0,0,0,0
147,1,25,20000,0,0,0,0,11,0,0,1,0,0,0,0,0
148,1,49,28000,0,0,0,0,11,0,0,12,0,0,0,0,0
149,1,25,20000,0,0,0,0,11,0,0,4,0,0,0,0,0
150,1,45,20000,0,0,0,0,11,0,0,6,0,0,0,0,0
151,1,38,20000,0,0,0,1,11,0,0,6,0,0,0,0,0
152,1,50,20000,0,0,0,1,11,0,0,1,0,0,0,0,0
153,1,25,21000,0,0,0,0,11,0,0,7,0,0,0,0,0
154,1,25,20000,0,0,0,0,11,0,0,4,0,0,0,0,0
155,1,31,27000,0,0,0,1,11,0,0,10,0,0,0,0,0
156,1,25,20000,0,0,0,1,11,0,0,12,0,0,0,0,0
157,1,25,20000,0,0,0,1,11,0,0,2,0,0,0,0,0
158,1,34,20000,0,0,0,1,11,0,0,5,0,0,0,0,0
159,1,31,20000,0,0,0,1,11,0,0,1,0,0,0,0,0
160,1,28,25000,0,0,0,1,11,0,0,2,0,0,0,0,0
161,1,50,20000,0,0,0,0,11,0,0,1,0,0,0,0,0
162,1,44,23000,0,0,0,1,11,0,0,10,0,0,0,0,0
163,1,42,20000,0,0,0,0,11,0,0,1,0,0,0,0,0
164,1,25,22000,0,0,0,1,11,0,0,9,0,0,0,0,0
165,1,34,21000,0,0,0,1,11,0,0,7,0,0,0,0,0
166,1,31,23000,0,0,0,1,11,0,0,10,0,0,0,0,0
167,1,33,20000,0,0,0,0,11,0,0,10,0,0,0,0,0
168,1,25,20000,0,0,0,0,11,0,0,2,0,0,0,0,0
169,1,28,20000,0,0,0,1,11,0,0,8,0,0,0,0,0
170,1,25,20000,0,0,0,1,11,0,0,3,0,0,0,0,0
171,1,38,20000,0,0,0,0,11,0,0,1,0,0,0,0,0
172,1,30,36000,0,0,0,0,11,0,0,7,0,0,0,0,0
173,1,26,24000,0,0,0,0,11,0,0,12,0,0,0,0,0
174,1,25,20000,0,0,0,0,11,0,0,7,0,0,0,0,0
175,1,50,20000,0,0,0,0,11,0,0,1,0,0,0,0,0
176,1,41,20000,0,0,0,0,11,0,0,9,0,0,0,0,0
177,1,30,20000,0,0,0,1,11,0,0,7,0,0,0,0,0
178,1,33,20000,0,0,0,1,11,0,0,7,0,0,0,0,0
179,1,25,20000,0,0,0,0,11,0,0,11,0,0,0,0,0
180,1,50,20000,0,0,0,0,11,0,0,10,0,0,0,0,0
181,1,50,20000,0,0,0,1,11,0,0,3,0,0,0,0,0
182,1,26,20000,0,0,0,1,11,0,0,10,0,0,0,0,0
183,1,41,20000,0,0,0,0,11,0,0,4,0,0,0,0,0
184,1,25,20000,0,0,0,0,11,0,0,10,0,0,0,0,0
185,1,25,20000,0,0,0,0,11,0,0,8,0,0,0,0,0
186,1,25,23000,0,0,0,0,11,0,0,11,0,0,0,0,0
187,1,34,20000,0,0,0,1,11,0,0,5,0,0,0,0,0
188,1,33,20000,0,0,0,0,11,0,0,7,0,0,0,0,0
189,1,25,21000,0,0,0,1,11,0,0,7,0,0,0,0,0
190,1,25,20000,0,0,0,0,11,0,0,10,0,0,0,0,0
191,1,25,21000,0,0,0,1,11,0,0,3,0,0,0,0,0
192,1,36,20000,0,0,0,1,11,0,0,5,0,0,0,0,0
193,1,25,22000,0,0,0,1,11,0,0,1,0,0,0,0,0
194,1,25,20000,0,0,0,0,11,0,0,12,0,0,0,0,0
195,1,45,20000,0,0,0,1,11,0,0,1,0,0,0,0,0
196,1,32,20000,0,0,0,1,11,0,0,1,0,0,0,0,0
197,1,36,20000,0,0,0,0,11,0,0,3,0,0,0,0,0
198,1,47,22000,0,0,0,1,11,0,0,4,0,0,0,0,0
199,1,50,21000,0,0,0,0,11,0,0,8,0,0,0,0,0
200,1,25,20000,0,0,0,0,11,0,0,8,0,0,0,0,0
201,1,30,25000,0,0,0,0,11,0,0,2,0,0,0,0,0
202,1,25,23000,0,0,0,1,11,0,0,11,0,0,0,0,0
203,1,50,20000,0,0,0,0,11,0,0,3,0,0,0,0,0
204,1,25,20000,0,0,0,1,11,0,0,5,0,0,0,0,0
205,1,25,20000,0,0,0,0,11,0,0,4,0,0,0,0,0
206,1,39,20000,0,0,0,1,11,0,0,4,0,0,0,0,0
207,1,50,20000,0,0,0,0,11,0,0,1,0,0,0,0,0
208,1,40,20000,0,0,0,0,11,0,0,11,0,0,0,0,0
209,1,48,20000,0,0,0,0,11,0,0,11,0,0,0,0,0
210,1,32,20000,0,0,0,1,11,0,0,6,0,0,0,0,0
211,1,38,20000,0,0,0,1,11,0,0,12,0,0,0,0,0
212,1,34,21000,0,0,0,0,11,0,0,4,0,0,0,0,0
213,1,48,20000,0,0,0,1,11,0,0,11,0,0,0,0,0
214,1,32,20000,0,0,0,1,11,0,0,9,0,0,0,0,0
215,1,40,20000,0,0,0,0,11,0,0,3,0,0,0,0,0
216,1,27,21000,0,0,0,1,11,0,0,9,0,0,0,0,0
217,1,25,20000,0,0,0,1,11,0,0,2,0,0,0,0,0
218,1,46,20000,0,0,0,0,11,0,0,2,0,0,0,0,0
219,1,34,20000,0,0,0,1,11,0,0,7,0,0,0,0,0
220,1,25,20000,0,0,0,1,11,0,0,11,0,0,0,0,0
221,1,35,20000,0,0,0,0,11,0,0,6,0,0,0,0,0
222,1,25,20000,0,0,0,1,11,0,0,5,0,0,0,0,0
223,1,37,25000,0,0,0,1,11,0,0,2,0,0,0,0,0
224,1,25,20000,0,0,0,0,11,0,0,5,0,0,0,0,0
225,1,34,35000,0,0,0,0,11,0,0,7,0,0,0,0,0
226,1,46,21000,0,0,0,0,11,0,0,12,0,0,0,0,0
227,1,50,20000,0,0,0,0,11,0,0,10,0,0,0,0,0
228,1,50,24000,0,0,0,1,11,0,0,7,0,0,0,0,0
229,1,25,25000,0,0,0,0,11,0,0,1,0,0,0,0,0
230,1,34,21000,0,0,0,1,11,0,0,9,0,0,0,0,0
231,1,25,25000,0,0,0,0,11,0,0,11,0,0,0,0,0
232,1,25,20000,0,0,0,0,11,0,0,2,0,0,0,0,0
233,1,30,20000,0,0,0,0,11,0,0,9,0,0,0,0,0
234,1,40,20000,0,0,0,1,11,0,0,4,0,0,0,0,0
235,1,35,20000,0,0,0,1,11,0,0,9,0,0,0,0,0
236,1,34,30000,0,0,0,0,11,0,0,5,0,0,0,0,0
237,1,50,33000,0,0,0,1,11,0,0,7,0,0,0,0,0
238,1,40,20000,0,0,0,1,11,0,0,5,0,0,0,0,0
239,1,25,20000,0,0,0,1,11,0,0,9,0,0,0,0,0
240,1,32,20000,0,0,0,0,11,0,0,4,0,0,0,0,0
241,1,33,21000,0,0,0,0,11,0,0,5,0,0,0,0,0
242,1,35,20000,0,0,0,0,11,0,0,3,0,0,0,0,0
243,1,28,20000,0,0,0,0,11,0,0,12,0,0,0,0,0
244,1,50,27000,0,0,0,1,11,0,0,9,0,0,0,0,0
245,1,35,20000,0,0,0,0,11,0,0,1,0,0,0,0,0
246,1,50,20000,0,0,0,1,11,0,0,3,0,0,0,0,0
247,1,27,20000,0,0,0,0,11,0,0,6,0,0,0,0,0
248,1,49,20000,0,0,0,1,11,0,0,9,0,0,0,0,0
249,1,50,20000,0,0,0,1,11,0,0,2,0,0,0,0,0
250,1,25,28000,0,0,0,0,11,0,0,12,0,0,0,0,0
1,2,31,206000,36,0,0,1,20,0,0,8,0,0,0,0,0
2,2,32,142000,144,0,0,1,20,0,0,3,0,0,0,0,0
3,2,28,63000,60,0,0,0,20,0,0,11,0,0,0,0,0
4,2,38,65000,144,0,0,1,20,0,0,1,0,0,0,0,0
5,2,34,125000,144,0,0,0,20,0,0,11,0,0,0,0,0
6,2,38,63000,120,0,0,0,20,0,0,4,0,0,0,0,0
7,2,47,62000,144,0,0,1,20,0,0,12,0,0,0,0,0
8,2,43,40000,36,0,0,0,20,0,0,7,0,0,0,0,0
9,2,34,102000,144,0,0,1,20,0,0,7,0,0,0,0,0
10,2,43,74000,36,0,0,1,20,0,0,1,0,0,0,0,0
11,2,39,153000,72,0,0,1,20,0,0,5,0,0,0,0,0
12,2,40,137000,144,0,0,1,20,0,0,6,0,0,0,0,0
13,2,38,104000,144,0,0,1,20,0,0,10,0,0,0,0,0
14,2,37,105000,36,0,0,1,20,0,0,4,0,0,0,0,0
15,2,36,90000,144,0,0,1,20,0,0,2,0,0,0,0,0
16,2,24,55000,60,0,0,1,20,0,0,11,0,0,0,0,0
17,2,43,119000,48,0,0,0,20,0,0,3,0,0,0,0,0
18,2,27,128000,36,0,0,1,20,0,0,3,0,0,0,0,0
19,2,37,140000,144,0,0,1,20,0,0,11,0,0,0,0,0
20,2,32,55000,144,0,0,1,20,0,0,1,0,0,0,0,0
21,2,37,102000,36,0,0,1,20,0,0,5,0,0,0,0,0
22,2,41,150000,132,0,0,1,20,0,0,8,0,0,0,0,0
23,2,42,121000,144,0,0,1,20,0,0,3,0,0,0,0,0
24,2,29,54000,144,0,0,0,20,0,0,5,0,0,0,0,0
25,2,38,80000,36,0,0,0,20,0,0,10,0,0,0,0,0
26,2,36,104000,36,0,0,0,20,0,0,7,0,0,0,0,0
27,2,36,30000,144,0,0,1,20,0,0,10,0,0,0,0,0
28,2,40,52000,144,0,0,0,20,0,0,1,0,0,0,0,0
29,2,48,183000,36,0,0,1,20,0,0,1,0,0,0,0,0
30,2,38,106000,144,0,0,1,20,0,0,7,0,0,0,0,0
31,2,21,89000,144,0,0,0,20,0,0,2,0,0,0,0,0
32,2,24,81000,108,0,0,0,20,0,0,6,0,0,0,0,0
33,2,47,38000,36,0,0,1,20,0,0,3,0,0,0,0,0
34,2,45,37000,144,0,0,1,20,0,0,4,0,0,0,0,0
35,2,21,150000,108,0,0,1,20,0,0,11,0,0,0,0,0
36,2,30,102000,48,0,0,0,20,0,0,6,0,0,0,0,0
37,2,39,152000,48,0,0,1,20,0,0,7,0,0,0,0,0
38,2,44,114000,144,0,0,1,20,0,0,7,0,0,0,0,0
39,2,39,112000,144,0,0,1,20,0,0,6,0,0,0,0,0
40,2,35,80000,144,0,0,0,20,0,0,2,0,0,0,0,0
41,2,42,133000,144,0,0,1,20,0,0,6,0,0,0,0,0
42,2,38,173000,48,0,0,0,20,0,0,1,0,0,0,0,0
43,2,46,142000,144,0,0,0,20,0,0,7,0,0,0,0,0
44,2,52,84000,144,0,0,1,20,0,0,10,0,0,0,0,0
45,2,44,145000,36,0,0,1,20,0,0,12,0,0,0,0,0
46,2,23,59000,132,0,0,0,20,0,0,6,0,0,0,0,0
47,2,21,130000,108,0,0,0,20,0,0,2,0,0,0,0,0
48,2,27,82000,36,0,0,0,20,0,0,7,0,0,0,0,0
49,2,40,134000,36,0,0,0,20,0,0,6,0,0,0,0,0
50,2,49,153000,36,0,0,1,20,0,0,4,0,0,0,0,0
51,2,32,81000,60,0,0,1,20,0,0,11,0,0,0,0,0
52,2,42,136000,36,0,0,0,20,0,0,8,0,0,0,0,0
53,2,36,128000,144,0,0,0,20,0,0,2,0,0,0,0,0
54,2,35,102000,36,0,0,1,20,0,0,12,0,0,0,0,0
55,2,44,82000,96,0,0,1,20,0,0,7,0,0,0,0,0
56,2,24,130000,132,0,0,0,20,0,0,8,0,0,0,0,0
57,2,23,40000,96,0,0,0,20,0,0,9,0,0,0,0,0
58,2,38,132000,36,0,0,1,20,0,0,5,0,0,0,0,0
59,2,25,145000,36,0,0,0,20,0,0,11,0,0,0,0,0
60,2,30,97000,96,0,0,0,20,0,0,12,0,0,0,0,0
61,2,26,82000,60,0,0,0,20,0,0,1,0,0,0,0,0
62,2,51,64000,36,0,0,0,20,0,0,12,0,0,0,0,0
63,2,33,75000,108,0,0,1,20,0,0,6,0,0,0,0,0
64,2,42,141000,72,0,0,0,20,0,0,8,0,0,0,0,0
65,2,23,92000,132,0,0,1,20,0,0,2,0,0,0,0,0
66,2,28,92000,144,0,0,0,20,0,0,2,0,0,0,0,0
67,2,42,105000,96,0,0,0,20,0,0,7,0,0,0,0,0
68,2,31,136000,36,0,0,1,20,0,0,2,0,0,0,0,0
69,2,34,106000,144,0,0,1,20,0,0,12,0,0,0,0,0
70,2,39,164000,144,0,0,0,20,0,0,2,0,0,0,0,0
71,2,47,134000,48,0,0,0,20,0,0,10,0,0,0,0,0
72,2,40,79000,84,0,0,1,20,0,0,12,0,0,0,0,0
73,2,33,102000,144,0,0,1,20,0,0,7,0,0,0,0,0
74,2,51,111000,72,0,0,1,20,0,0,7,0,0,0,0,0
75,2,46,106000,108,0,0,1,20,0,0,10,0,0,0,0,0
76,2,27,39000,48,0,0,1,20,0,0,1,0,0,0,0,0
77,2,38,125000,36,0,0,1,20,0,0,5,0,0,0,0,0
78,2,24,159000,36,0,0,1,20,0,0,8,0,0,0,0,0
79,2,33,157000,108,0,0,1,20,0,0,11,0,0,0,0,0
80,2,32,161000,108,0,0,0,20,0,0,2,0,0,0,0,0
81,2,34,117000,84,0,0,0,20,0,0,10,0,0,0,0,0
82,2,31,81000,36,0,0,0,20,0,0,7,0,0,0,0,0
83,2,35,60000,132,0,0,1,20,0,0,5,0,0,0,0,0
84,2,31,62000,36,0,0,1,20,0,0,10,0,0,0,0,0
85,2,32,57000,144,0,0,0,20,0,0,8,0,0,0,0,0
86,2,46,42000,84,0,0,1,20,0,0,5,0,0,0,0,0
87,2,43,178000,36,0,0,0,20,0,0,11,0,0,0,0,0
88,2,40,120000,120,0,0,1,20,0,0,4,0,0,0,0,0
89,2,25,118000,36,0,0,0,20,0,0,10,0,0,0,0,0
90,2,28,154000,144,0,0,0,20,0,0,10,0,0,0,0,0
91,2,31,63000,36,0,0,0,20,0,0,2,0,0,0,0,0
92,2,38,117000,36,0,0,1,20,0,0,6,0,0,0,0,0
93,2,44,131000,36,0,0,1,20,0,0,7,0,0,0,0,0
94,2,34,75000,72,0,0,0,20,0,0,10,0,0,0,0,0
95,2,36,143000,36,0,0,1,20,0,0,7,0,0,0,0,0
96,2,38,121000,96,0,0,0,20,0,0,1,0,0,0,0,0
97,2,39,57000,144,0,0,1,20,0,0,12,0,0,0,0,0
98,2,47,136000,36,0,0,1,20,0,0,7,0,0,0,0,0
99,2,33,87000,120,0,0,1,20,0,0,12,0,0,0,0,0
100,2,48,23000,36,0,0,1,20,0,0,3,0,0,0,0,0
101,2,28,69000,36,0,0,1,20,0,0,4,0,0,0,0,0
102,2,36,147000,144,0,0,0,20,0,0,4,0,0,0,0,0
103,2,35,111000,36,0,0,1,20,0,0,10,0,0,0,0,0
104,2,23,109000,36,0,0,1,20,0,0,10,0,0,0,0,0
105,2,48,164000,144,0,0,0,20,0,0,8,0,0,0,0,0
106,2,37,210000,72,0,0,1,20,0,0,6,0,0,0,0,0
107,2,23,73000,144,0,0,1,20,0,0,1,0,0,0,0,0
108,2,39,107000,72,0,0,1,20,0,0,12,0,0,0,0,0
109,2,48,197000,132,0,0,0,20,0,0,7,0,0,0,0,0
110,2,21,158000,144,0,0,1,20,0,0,9,0,0,0,0,0
111,2,27,181000,60,0,0,0,20,0,0,7,0,0,0,0,0
112,2,43,95000,36,0,0,1,20,0,0,2,0,0,0,0,0
113,2,46,197000,96,0,0,0,20,0,0,8,0,0,0,0,0
114,2,42,89000,48,0,0,0,20,0,0,5,0,0,0,0,0
115,2,36,55000,144,0,0,1,20,0,0,6,0,0,0,0,0
116,2,33,71000,108,0,0,1,20,0,0,1,0,0,0,0,0
117,2,37,151000,36,0,0,0,20,0,0,6,0,0,0,0,0
118,2,51,70000,120,0,0,1,20,0,0,3,0,0,0,0,0
119,2,27,43000,72,0,0,1,20,0,0,4,0,0,0,0,0
120,2,43,91000,84,0,0,0,20,0,0,12,0,0,0,0,0
121,2,33,73000,120,0,0,0,20,0,0,2,0,0,0,0,0
122,2,38,114000,36,0,0,1,20,0,0,8,0,0,0,0,0
123,2,34,181000,108,0,0,1,20,0,0,12,0,0,0,0,0
124,2,46,123000,36,0,0,0,20,0,0,4,0,0,0,0,0
125,2,39,177000,72,0,0,1,20,0,0,12,0,0,0,0,0
126,2,39,79000,36,0,0,0,20,0,0,10,0,0,0,0,0
127,2,47,131000,144,0,0,1,20,0,0,10,0,0,0,0,0
128,2,41,188000,36,0,0,0,20,0,0,11,0,0,0,0,0
129,2,45,73000,36,0,0,0,20,0,0,3,0,0,0,0,0
130,2,41,111000,72,0,0,1,20,0,0,5,0,0,0,0,0
131,2,41,217000,36,0,0,1,20,0,0,9,0,0,0,0,0
132,2,44,83000,144,0,0,1,20,0,0,11,0,0,0,0,0
133,2,30,172000,144,0,0,1,20,0,0,8,0,0,0,0,0
134,2,29,166000,144,0,0,1,20,0,0,7,0,0,0,0,0
135,2,30,83000,36,0,0,0,20,0,0,3,0,0,0,0,0
136,2,45,90000,108,0,0,1,20,0,0,4,0,0,0,0,0
137,2,36,157000,144,0,0,1,20,0,0,4,0,0,0,0,0
138,2,42,82000,36,0,0,0,20,0,0,5,0,0,0,0,0
139,2,28,121000,36,0,0,1,20,0,0,5,0,0,0,0,0
140,2,39,116000,144,0,0,0,20,0,0,1,0,0,0,0,0
141,2,38,94000,84,0,0,1,20,0,0,6,0,0,0,0,0
142,2,33,50000,144,0,0,0,20,0,0,12,0,0,0,0,0
143,2,43,134000,36,0,0,0,20,0,0,4,0,0,0,0,0
144,2,47,105000,120,0,0,1,20,0,0,8,0,0,0,0,0
145,2,42,45000,36,0,0,0,20,0,0,1,0,0,0,0,0
146,2,21,123000,96,0,0,0,20,0,0,5,0,0,0,0,0
147,2,44,57000,108,0,0,1,20,0,0,3,0,0,0,0,0
148,2,39,82000,144,0,0,0,20,0,0,2,0,0,0,0,0
149,2,21,90000,96,0,0,1,20,0,0,2,0,0,0,0,0
150,2,43,66000,144,0,0,1,20,0,0,12,0,0,0,0,0
151,2,36,107000,36,0,0,1,20,0,0,1,0,0,0,0,0
152,2,31,85000,144,0,0,1,20,0,0,1,0,0,0,0,0
153,2,30,141000,120,0,0,0,20,0,0,12,0,0,0,0,0
154,2,53,135000,108,0,0,0,20,0,0,12,0,0,0,0,0
155,2,36,73000,36,0,0,0,20,0,0,3,0,0,0,0,0
156,2,33,100000,36,0,0,1,20,0,0,11,0,0,0,0,0
157,2,38,72000,144,0,0,1,20,0,0,10,0,0,0,0,0
158,2,25,127000,72,0,0,1,20,0,0,2,0,0,0,0,0
159,2,33,108000,132,0,0,1,20,0,0,6,0,0,0,0,0
160,2,26,50000,120,0,0,0,20,0,0,11,0,0,0,0,0
161,2,39,157000,144,0,0,1,20,0,0,12,0,0,0,0,0
162,2,35,106000,144,0,0,1,20,0,0,7,0,0,0,0,0
163,2,34,81000,36,0,0,1,20,0,0,8,0,0,0,0,0
164,2,35,126000,84,0,0,1,20,0,0,3,0,0,0,0,0
165,2,32,76000,144,0,0,0,20,0,0,5,0,0,0,0,0
166,2,48,80000,36,0,0,1,20,0,0,7,0,0,0,0,0
167,2,38,135000,84,0,0,0,20,0,0,7,0,0,0,0,0
168,2,27,110000,96,0,0,0,20,0,0,7,0,0,0,0,0
169,2,21,103000,36,0,0,0,20,0,0,9,0,0,0,0,0
170,2,42,117000,144,0,0,0,20,0,0,1,0,0,0,0,0
171,2,39,72000,108,0,0,1,20,0,0,5,0,0,0,0,0
172,2,42,36000,36,0,0,0,20,0,0,10,0,0,0,0,0
173,2,35,98000,36,0,0,0,20,0,0,5,0,0,0,0,0
174,2,40,65000,36,0,0,1,20,0,0,4,0,0,0,0,0
175,2,31,74000,84,0,0,0,20,0,0,10,0,0,0,0,0
176,2,21,70000,108,0,0,0,20,0,0,9,0,0,0,0,0
177,2,59,108000,144,0,0,0,20,0,0,11,0,0,0,0,0
178,2,33,130000,120,0,0,1,20,0,0,11,0,0,0,0,0
179,2,44,84000,96,0,0,1,20,0,0,8,0,0,0,0,0
180,2,29,136000,120,0,0,0,20,0,0,12,0,0,0,0,0
181,2,38,59000,84,0,0,1,20,0,0,12,0,0,0,0,0
182,2,28,139000,144,0,0,0,20,0,0,12,0,0,0,0,0
183,2,32,112000,36,0,0,0,20,0,0,3,0,0,0,0,0
184,2,33,129000,96,0,0,1,20,0,0,9,0,0,0,0,0
185,2,25,83000,60,0,0,0,20,0,0,3,0,0,0,0,0
186,2,30,98000,108,0,0,1,20,0,0,6,0,0,0,0,0
187,2,27,79000,144,0,0,1,20,0,0,12,0,0,0,0,0
188,2,33,182000,120,0,0,0,20,0,0,8,0,0,0,0,0
189,2,41,76000,36,0,0,0,20,0,0,4,0,0,0,0,0
190,2,54,83000,144,0,0,0,20,0,0,10,0,0,0,0,0
191,2,31,115000,36,0,0,1,20,0,0,12,0,0,0,0,0
192,2,44,32000,36,0,0,1,20,0,0,10,0,0,0,0,0
193,2,28,114000,144,0,0,1,20,0,0,4,0,0,0,0,0
194,2,23,76000,144,0,0,0,20,0,0,9,0,0,0,0,0
195,2,26,114000,144,0,0,1,20,0,0,10,0,0,0,0,0
196,2,39,98000,132,0,0,0,20,0,0,9,0,0,0,0,0
197,2,30,137000,36,0,0,0,20,0,0,4,0,0,0,0,0
198,2,21,143000,48,0,0,0,20,0,0,11,0,0,0,0,0
199,2,29,63000,144,0,0,0,20,0,0,9,0,0,0,0,0
200,2,32,107000,36,0,0,0,20,0,0,1,0,0,0,0,0
201,2,24,95000,132,0,0,0,20,0,0,8,0,0,0,0,0
202,2,29,106000,96,0,0,1,20,0,0,1,0,0,0,0,0
203,2,41,158000,36,0,0,0,20,0,0,8,0,0,0,0,0
204,2,26,42000,96,0,0,1,20,0,0,10,0,0,0,0,0
205,2,49,144000,36,0,0,0,20,0,0,9,0,0,0,0,0
206,2,41,82000,36,0,0,1,20,0,0,5,0,0,0,0,0
207,2,37,104000,36,0,0,1,20,0,0,10,0,0,0,0,0
208,2,26,123000,60,0,0,0,20,0,0,2,0,0,0,0,0
209,2,25,106000,108,0,0,1,20,0,0,9,0,0,0,0,0
210,2,29,91000,84,0,0,0,20,0,0,10,0,0,0,0,0
211,2,33,71000,36,0,0,1,20,0,0,2,0,0,0,0,0
212,2,39,54000,60,0,0,0,20,0,0,4,0,0,0,0,0
213,2,28,96000,36,0,0,0,20,0,0,6,0,0,0,0,0
214,2,34,133000,144,0,0,1,20,0,0,2,0,0,0,0,0
215,2,28,147000,132,0,0,1,20,0,0,6,0,0,0,0,0
216,2,27,77000,144,0,0,1,20,0,0,8,0,0,0,0,0
217,2,42,149000,144,0,0,0,20,0,0,6,0,0,0,0,0
218,2,37,134000,144,0,0,1,20,0,0,6,0,0,0,0,0
219,2,40,77000,108,0,0,1,20,0,0,2,0,0,0,0,0
220,2,34,90000,84,0,0,1,20,0,0,1,0,0,0,0,0
221,2,21,123000,60,0,0,0,20,0,0,7,0,0,0,0,0
222,2,36,118000,132,0,0,1,20,0,0,12,0,0,0,0,0
223,2,42,103000,144,0,0,1,20,0,0,5,0,0,0,0,0
224,2,33,103000,132,0,0,1,20,0,0,1,0,0,0,0,0
225,2,27,96000,96,0,0,0,20,0,0,8,0,0,0,0,0
226,2,47,110000,96,0,0,1,20,0,0,1,0,0,0,0,0
227,2,30,79000,144,0,0,1,20,0,0,11,0,0,0,0,0
228,2,35,128000,120,0,0,1,20,0,0,10,0,0,0,0,0
229,2,43,97000,108,0,0,1,20,0,0,4,0,0,0,0,0
230,2,51,91000,48,0,0,1,20,0,0,5,0,0,0,0,0
231,2,21,123000,96,0,0,0,20,0,0,7,0,0,0,0,0
232,2,23,115000,132,0,0,0,20,0,0,7,0,0,0,0,0
233,2,32,45000,144,0,0,0,20,0,0,1,0,0,0,0,0
234,2,34,54000,36,0,0,0,20,0,0,4,0,0,0,0,0
235,2,41,95000,60,0,0,1,20,0,0,11,0,0,0,0,0
236,2,36,81000,36,0,0,1,20,0,0,5,0,0,0,0,0
237,2,45,130000,120,0,0,0,20,0,0,5,0,0,0,0,0
238,2,34,116000,84,0,0,0,20,0,0,8,0,0,0,0,0
239,2,26,133000,96,0,0,1,20,0,0,1,0,0,0,0,0
240,2,34,89000,36,0,0,0,20,0,0,6,0,0,0,0,0
241,2,30,61000,60,0,0,0,20,0,0,12,0,0,0,0,0
242,2,25,97000,60,0,0,0,20,0,0,5,0,0,0,0,0
243,2,26,124000,60,0,0,1,20,0,0,9,0,0,0,0,0
244,2,32,22000,144,0,0,0,20,0,0,5,0,0,0,0,0
245,2,41,140000,36,0,0,0,20,0,0,9,0,0,0,0,0
246,2,37,85000,36,0,0,1,20,0,0,10,0,0,0,0,0
247,2,34,89000,144,0,0,1,20,0,0,5,0,0,0,0,0
248,2,25,108000,60,0,0,0,20,0,0,11,0,0,0,0,0
249,2,32,95000,144,0,0,0,20,0,0,5,0,0,0,0,0
250,2,34,61000,144,0,0,1,20,0,0,1,0,0,0,0,0
1,3,64,309000,0,0,0,1,30,0,0,2,0,0,0,0,0
2,3,61,146000,0,0,0,1,30,0,0,4,0,0,0,0,0
3,3,68,548000,0,0,0,0,30,0,0,10,0,0,0,0,0
4,3,60,271000,0,0,0,0,30,0,0,8,0,0,0,0,0
5,3,58,661000,0,0,0,1,30,0,0,2,0,0,0,0,0
6,3,69,204000,0,0,0,1,30,0,0,3,0,0,0,0,0
7,3,59,144000,0,0,0,1,30,0,0,4,0,0,0,0,0
8,3,65,514000,0,0,0,1,30,0,0,3,0,0,0,0,0
9,3,65,268000,0,0,0,0,30,0,0,4,0,0,0,0,0
10,3,64,468000,0,0,0,0,30,0,0,5,0,0,0,0,0
11,3,63,60000,0,0,0,0,30,0,0,3,0,0,0,0,0
12,3,68,451000,0,0,0,0,30,0,0,1,0,0,0,0,0
13,3,64,139000,0,0,0,0,30,0,0,7,0,0,0,0,0
14,3,60,599000,0,0,0,1,30,0,0,5,0,0,0,0,0
15,3,56,147000,0,0,0,0,30,0,0,5,0,0,0,0,0
16,3,63,176000,0,0,0,1,30,0,0,3,0,0,0,0,0
17,3,61,372000,0,0,0,0,30,0,0,1,0,0,0,0,0
18,3,61,424000,0,0,0,1,30,0,0,11,0,0,0,0,0
19,3,65,232000,0,0,0,1,30,0,0,6,0,0,0,0,0
20,3,63,194000,0,0,0,0,30,0,0,4,0,0,0,0,0
21,3,59,90000,0,0,0,0,30,0,0,10,0,0,0,0,0
22,3,57,255000,0,0,0,1,30,0,0,8,0,0,0,0,0
23,3,64,353000,0,0,0,1,30,0,0,1,0,0,0,0,0
24,3,58,381000,0,0,0,0,30,0,0,9,0,0,0,0,0
25,3,57,156000,0,0,0,0,30,0,0,3,0,0,0,0,0
26,3,61,573000,0,0,0,1,30,0,0,10,0,0,0,0,0
27,3,60,77000,0,0,0,1,30,0,0,3,0,0,0,0,0
28,3,60,247000,0,0,0,0,30,0,0,4,0,0,0,0,0
29,3,64,346000,0,0,0,0,30,0,0,2,0,0,0,0,0
30,3,68,229000,0,0,0,0,30,0,0,12,0,0,0,0,0
31,3,67,470000,0,0,0,1,30,0,0,11,0,0,0,0,0
32,3,68,70000,0,0,0,0,30,0,0,10,0,0,0,0,0
33,3,60,180000,0,0,0,0,30,0,0,7,0,0,0,0,0
34,3,59,155000,0,0,0,0,30,0,0,6,0,0,0,0,0
35,3,55,60000,0,0,0,0,30,0,0,12,0,0,0,0,0
36,3,60,261000,0,0,0,0,30,0,0,2,0,0,0,0,0
37,3,64,212000,0,0,0,1,30,0,0,3,0,0,0,0,0
38,3,62,231000,0,0,0,1,30,0,0,12,0,0,0,0,0
39,3,70,319000,0,0,0,1,30,0,0,1,0,0,0,0,0
40,3,55,190000,0,0,0,1,30,0,0,1,0,0,0,0,0
41,3,59,407000,0,0,0,0,30,0,0,2,0,0,0,0,0
42,3,62,213000,0,0,0,1,30,0,0,1,0,0,0,0,0
43,3,57,479000,0,0,0,1,30,0,0,3,0,0,0,0,0
44,3,59,60000,0,0,0,1,30,0,0,9,0,0,0,0,0
45,3,69,350000,0,0,0,1,30,0,0,5,0,0,0,0,0
46,3,66,66000,0,0,0,0,30,0,0,5,0,0,0,0,0
47,3,59,80000,0,0,0,1,30,0,0,5,0,0,0,0,0
48,3,62,79000,0,0,0,0,30,0,0,10,0,0,0,0,0
49,3,66,414000,0,0,0,0,30,0,0,5,0,0,0,0,0
50,3,68,333000,0,0,0,1,30,0,0,8,0,0,0,0,0
51,3,55,217000,0,0,0,1,30,0,0,9,0,0,0,0,0
52,3,68,190000,0,0,0,0,30,0,0,1,0,0,0,0,0
53,3,69,212000,0,0,0,1,30,0,0,3,0,0,0,0,0
54,3,58,98000,0,0,0,1,30,0,0,12,0,0,0,0,0
55,3,55,206000,0,0,0,0,30,0,0,6,0,0,0,0,0
56,3,62,201000,0,0,0,0,30,0,0,12,0,0,0,0,0
57,3,64,425000,0,0,0,1,30,0,0,8,0,0,0,0,0
58,3,67,210000,0,0,0,1,30,0,0,7,0,0,0,0,0
59,3,66,60000,0,0,0,0,30,0,0,4,0,0,0,0,0
60,3,67,200000,0,0,0,0,30,0,0,10,0,0,0,0,0
61,3,58,228000,0,0,0,0,30,0,0,9,0,0,0,0,0
62,3,55,400000,0,0,0,0,30,0,0,8,0,0,0,0,0
63,3,69,60000,0,0,0,1,30,0,0,11,0,0,0,0,0
64,3,67,68000,0,0,0,0,30,0,0,8,0,0,0,0,0
65,3,62,242000,0,0,0,1,30,0,0,2,0,0,0,0,0
66,3,68,223000,0,0,0,1,30,0,0,3,0,0,0,0,0
67,3,56,299000,0,0,0,0,30,0,0,12,0,0,0,0,0
68,3,70,333000,0,0,0,0,30,0,0,12,0,0,0,0,0
69,3,60,294000,0,0,0,1,30,0,0,7,0,0,0,0,0
70,3,57,342000,0,0,0,0,30,0,0,9,0,0,0,0,0
71,3,63,267000,0,0,0,1,30,0,0,8,0,0,0,0,0
72,3,67,447000,0,0,0,1,30,0,0,4,0,0,0,0,0
73,3,64,167000,0,0,0,1,30,0,0,8,0,0,0,0,0
74,3,62,145000,0,0,0,0,30,0,0,5,0,0,0,0,0
75,3,61,129000,0,0,0,1,30,0,0,10,0,0,0,0,0
76,3,67,142000,0,0,0,0,30,0,0,1,0,0,0,0,0
77,3,64,244000,0,0,0,1,30,0,0,11,0,0,0,0,0
78,3,55,188000,0,0,0,1,30,0,0,3,0,0,0,0,0
79,3,64,60000,0,0,0,0,30,0,0,12,0,0,0,0,0
80,3,60,262000,0,0,0,0,30,0,0,9,0,0,0,0,0
81,3,70,213000,0,0,0,0,30,0,0,12,0,0,0,0,0
82,3,61,504000,0,0,0,1,30,0,0,3,0,0,0,0,0
83,3,63,359000,0,0,0,1,30,0,0,3,0,0,0,0,0
84,3,55,71000,0,0,0,1,30,0,0,9,0,0,0,0,0
85,3,63,540000,0,0,0,1,30,0,0,6,0,0,0,0,0
86,3,64,111000,0,0,0,1,30,0,0,8,0,0,0,0,0
87,3,58,77000,0,0,0,0,30,0,0,3,0,0,0,0,0
88,3,60,109000,0,0,0,1,30,0,0,12,0,0,0,0,0
89,3,58,267000,0,0,0,0,30,0,0,3,0,0,0,0,0
90,3,69,270000,0,0,0,1,30,0,0,10,0,0,0,0,0
91,3,70,165000,0,0,0,0,30,0,0,10,0,0,0,0,0
92,3,64,60000,0,0,0,1,30,0,0,7,0,0,0,0,0
93,3,63,517000,0,0,0,0,30,0,0,12,0,0,0,0,0
94,3,63,286000,0,0,0,1,30,0,0,1,0,0,0,0,0
95,3,68,203000,0,0,0,0,30,0,0,3,0,0,0,0,0
96,3,70,94000,0,0,0,0,30,0,0,11,0,0,0,0,0
97,3,57,60000,0,0,0,0,30,0,0,10,0,0,0,0,0
98,3,60,187000,0,0,0,0,30,0,0,9,0,0,0,0,0
99,3,70,327000,0,0,0,0,30,0,0,10,0,0,0,0,0
100,3,59,746000,0,0,0,1,30,0,0,2,0,0,0,0,0
101,3,62,214000,0,0,0,0,30,0,0,7,0,0,0,0,0
102,3,62,250000,0,0,0,0,30,0,0,8,0,0,0,0,0
103,3,64,226000,0,0,0,1,30,0,0,9,0,0,0,0,0
104,3,63,157000,0,0,0,0,30,0,0,4,0,0,0,0,0
105,3,55,84000,0,0,0,1,30,0,0,3,0,0,0,0,0
106,3,59,537000,0,0,0,0,30,0,0,3,0,0,0,0,0
107,3,60,228000,0,0,0,1,30,0,0,7,0,0,0,0,0
108,3,61,150000,0,0,0,0,30,0,0,3,0,0,0,0,0
109,3,70,95000,0,0,0,0,30,0,0,9,0,0,0,0,0
110,3,61,174000,0,0,0,0,30,0,0,11,0,0,0,0,0
111,3,65,131000,0,0,0,0,30,0,0,4,0,0,0,0,0
112,3,56,270000,0,0,0,1,30,0,0,12,0,0,0,0,0
113,3,64,244000,0,0,0,0,30,0,0,10,0,0,0,0,0
114,3,59,215000,0,0,0,0,30,0,0,5,0,0,0,0,0
115,3,63,352000,0,0,0,1,30,0,0,9,0,0,0,0,0
116,3,63,234000,0,0,0,0,30,0,0,3,0,0,0,0,0
117,3,61,550000,0,0,0,1,30,0,0,7,0,0,0,0,0
118,3,61,424000,0,0,0,1,30,0,0,5,0,0,0,0,0
119,3,58,126000,0,0,0,1,30,0,0,12,0,0,0,0,0
120,3,63,60000,0,0,0,0,30,0,0,12,0,0,0,0,0
121,3,58,60000,0,0,0,1,30,0,0,5,0,0,0,0,0
122,3,56,185000,0,0,0,0,30,0,0,10,0,0,0,0,0
123,3,55,75000,0,0,0,1,30,0,0,11,0,0,0,0,0
124,3,62,149000,0,0,0,1,30,0,0,11,0,0,0,0,0
125,3,64,367000,0,0,0,0,30,0,0,10,0,0,0,0,0
126,3,59,132000,0,0,0,1,30,0,0,9,0,0,0,0,0
127,3,55,631000,0,0,0,1,30,0,0,5,0,0,0,0,0
128,3,57,398000,0,0,0,0,30,0,0,6,0,0,0,0,0
129,3,68,401000,0,0,0,1,30,0,0,11,0,0,0,0,0
130,3,60,60000,0,0,0,0,30,0,0,4,0,0,0,0,0
131,3,64,270000,0,0,0,1,30,0,0,6,0,0,0,0,0
132,3,69,616000,0,0,0,1,30,0,0,6,0,0,0,0,0
133,3,62,60000,0,0,0,1,30,0,0,8,0,0,0,0,0
134,3,64,543000,0,0,0,1,30,0,0,7,0,0,0,0,0
135,3,63,215000,0,0,0,1,30,0,0,8,0,0,0,0,0
136,3,60,163000,0,0,0,0,30,0,0,3,0,0,0,0,0
137,3,61,151000,0,0,0,1,30,0,0,6,0,0,0,0,0
138,3,57,77000,0,0,0,0,30,0,0,9,0,0,0,0,0
139,3,67,60000,0,0,0,0,30,0,0,3,0,0,0,0,0
140,3,69,326000,0,0,0,1,30,0,0,2,0,0,0,0,0
141,3,62,463000,0,0,0,0,30,0,0,8,0,0,0,0,0
142,3,70,406000,0,0,0,1,30,0,0,6,0,0,0,0,0
143,3,59,96000,0,0,0,1,30,0,0,9,0,0,0,0,0
144,3,57,247000,0,0,0,1,30,0,0,4,0,0,0,0,0
145,3,69,160000,0,0,0,0,30,0,0,12,0,0,0,0,0
146,3,57,295000,0,0,0,0,30,0,0,11,0,0,0,0,0
147,3,63,589000,0,0,0,1,30,0,0,8,0,0,0,0,0
148,3,60,147000,0,0,0,0,30,0,0,12,0,0,0,0,0
149,3,67,239000,0,0,0,0,30,0,0,10,0,0,0,0,0
150,3,61,180000,0,0,0,0,30,0,0,8,0,0,0,0,0
151,3,63,552000,0,0,0,1,30,0,0,7,0,0,0,0,0
152,3,64,118000,0,0,0,0,30,0,0,2,0,0,0,0,0
153,3,61,216000,0,0,0,1,30,0,0,5,0,0,0,0,0
154,3,65,97000,0,0,0,1,30,0,0,5,0,0,0,0,0
155,3,70,159000,0,0,0,0,30,0,0,8,0,0,0,0,0
156,3,66,412000,0,0,0,1,30,0,0,7,0,0,0,0,0
157,3,68,478000,0,0,0,1,30,0,0,2,0,0,0,0,0
158,3,66,60000,0,0,0,0,30,0,0,12,0,0,0,0,0
159,3,58,191000,0,0,0,0,30,0,0,5,0,0,0,0,0
160,3,66,60000,0,0,0,0,30,0,0,2,0,0,0,0,0
161,3,55,451000,0,0,0,1,30,0,0,11,0,0,0,0,0
162,3,61,110000,0,0,0,0,30,0,0,7,0,0,0,0,0
163,3,56,60000,0,0,0,1,30,0,0,3,0,0,0,0,0
164,3,60,423000,0,0,0,0,30,0,0,10,0,0,0,0,0
165,3,68,187000,0,0,0,0,30,0,0,9,0,0,0,0,0
166,3,70,171000,0,0,0,0,30,0,0,1,0,0,0,0,0
167,3,66,371000,0,0,0,1,30,0,0,9,0,0,0,0,0
168,3,62,116000,0,0,0,1,30,0,0,7,0,0,0,0,0
169,3,66,189000,0,0,0,0,30,0,0,12,0,0,0,0,0
170,3,70,478000,0,0,0,1,30,0,0,4,0,0,0,0,0
171,3,65,60000,0,0,0,0,30,0,0,8,0,0,0,0,0
172,3,55,165000,0,0,0,0,30,0,0,2,0,0,0,0,0
173,3,56,60000,0,0,0,0,30,0,0,7,0,0,0,0,0
174,3,67,403000,0,0,0,0,30,0,0,2,0,0,0,0,0
175,3,61,60000,0,0,0,0,30,0,0,5,0,0,0,0,0
176,3,70,136000,0,0,0,0,30,0,0,7,0,0,0,0,0
177,3,61,453000,0,0,0,1,30,0,0,10,0,0,0,0,0
178,3,64,129000,0,0,0,0,30,0,0,12,0,0,0,0,0
179,3,65,93000,0,0,0,1,30,0,0,3,0,0,0,0,0
180,3,59,60000,0,0,0,1,30,0,0,11,0,0,0,0,0
181,3,55,407000,0,0,0,0,30,0,0,1,0,0,0,0,0
182,3,57,161000,0,0,0,1,30,0,0,10,0,0,0,0,0
183,3,64,85000,0,0,0,1,30,0,0,6,0,0,0,0,0
184,3,55,302000,0,0,0,0,30,0,0,1,0,0,0,0,0
185,3,62,245000,0,0,0,0,30,0,0,5,0,0,0,0,0
186,3,68,378000,0,0,0,0,30,0,0,4,0,0,0,0,0
187,3,58,152000,0,0,0,0,30,0,0,10,0,0,0,0,0
188,3,61,168000,0,0,0,1,30,0,0,7,0,0,0,0,0
189,3,56,117000,0,0,0,1,30,0,0,11,0,0,0,0,0
190,3,66,419000,0,0,0,1,30,0,0,1,0,0,0,0,0
191,3,55,291000,0,0,0,1,30,0,0,9,0,0,0,0,0
192,3,64,163000,0,0,0,0,30,0,0,9,0,0,0,0,0
193,3,62,196000,0,0,0,1,30,0,0,3,0,0,0,0,0
194,3,63,156000,0,0,0,0,30,0,0,5,0,0,0,0,0
195,3,60,408000,0,0,0,1,30,0,0,2,0,0,0,0,0
196,3,66,353000,0,0,0,1,30,0,0,10,0,0,0,0,0
197,3,60,99000,0,0,0,0,30,0,0,12,0,0,0,0,0
198,3,66,427000,0,0,0,0,30,0,0,10,0,0,0,0,0
199,3,70,91000,0,0,0,0,30,0,0,5,0,0,0,0,0
200,3,55,249000,0,0,0,0,30,0,0,9,0,0,0,0,0
201,3,63,71000,0,0,0,0,30,0,0,9,0,0,0,0,0
202,3,56,231000,0,0,0,0,30,0,0,1,0,0,0,0,0
203,3,55,365000,0,0,0,1,30,0,0,8,0,0,0,0,0
204,3,64,219000,0,0,0,0,30,0,0,11,0,0,0,0,0
205,3,59,106000,0,0,0,1,30,0,0,10,0,0,0,0,0
206,3,60,328000,0,0,0,1,30,0,0,2,0,0,0,0,0
207,3,66,130000,0,0,0,1,30,0,0,7,0,0,0,0,0
208,3,69,60000,0,0,0,1,30,0,0,7,0,0,0,0,0
209,3,64,216000,0,0,0,1,30,0,0,2,0,0,0,0,0
210,3,59,60000,0,0,0,1,30,0,0,2,0,0,0,0,0
211,3,68,170000,0,0,0,0,30,0,0,3,0,0,0,0,0
212,3,65,386000,0,0,0,1,30,0,0,10,0,0,0,0,0
213,3,58,138000,0,0,0,0,30,0,0,1,0,0,0,0,0
214,3,64,305000,0,0,0,1,30,0,0,5,0,0,0,0,0
215,3,57,291000,0,0,0,0,30,0,0,10,0,0,0,0,0
216,3,59,102000,0,0,0,1,30,0,0,8,0,0,0,0,0
217,3,66,339000,0,0,0,0,30,0,0,10,0,0,0,0,0
218,3,69,111000,0,0,0,1,30,0,0,11,0,0,0,0,0
219,3,59,110000,0,0,0,0,30,0,0,6,0,0,0,0,0
220,3,64,489000,0,0,0,0,30,0,0,11,0,0,0,0,0
221,3,70,73000,0,0,0,0,30,0,0,8,0,0,0,0,0
222,3,70,131000,0,0,0,0,30,0,0,5,0,0,0,0,0
223,3,68,210000,0,0,0,0,30,0,0,12,0,0,0,0,0
224,3,61,242000,0,0,0,1,30,0,0,2,0,0,0,0,0
225,3,69,114000,0,0,0,1,30,0,0,12,0,0,0,0,0
226,3,65,359000,0,0,0,0,30,0,0,4,0,0,0,0,0
227,3,63,299000,0,0,0,1,30,0,0,11,0,0,0,0,0
228,3,65,205000,0,0,0,0,30,0,0,6,0,0,0,0,0
229,3,58,173000,0,0,0,1,30,0,0,8,0,0,0,0,0
230,3,63,83000,0,0,0,1,30,0,0,2,0,0,0,0,0
231,3,59,290000,0,0,0,1,30,0,0,8,0,0,0,0,0
232,3,56,491000,0,0,0,0,30,0,0,10,0,0,0,0,0
233,3,64,209000,0,0,0,1,30,0,0,8,0,0,0,0,0
234,3,64,138000,0,0,0,0,30,0,0,4,0,0,0,0,0
235,3,57,60000,0,0,0,0,30,0,0,3,0,0,0,0,0
236,3,70,425000,0,0,0,1,30,0,0,11,0,0,0,0,0
237,3,59,193000,0,0,0,1,30,0,0,4,0,0,0,0,0
238,3,59,129000,0,0,0,1,30,0,0,4,0,0,0,0,0
239,3,58,202000,0,0,0,1,30,0,0,5,0,0,0,0,0
240,3,64,285000,0,0,0,1,30,0,0,5,0,0,0,0,0
241,3,61,184000,0,0,0,0,30,0,0,8,0,0,0,0,0
242,3,66,357000,0,0,0,1,30,0,0,8,0,0,0,0,0
243,3,56,379000,0,0,0,1,30,0,0,7,0,0,0,0,0
244,3,63,242000,0,0,0,0,30,0,0,11,0,0,0,0,0
245,3,67,287000,0,0,0,0,30,0,0,11,0,0,0,0,0
246,3,67,184000,0,0,0,1,30,0,0,11,0,0,0,0,0
247,3,63,109000,0,0,0,1,30,0,0,10,0,0,0,0,0
248,3,65,361000,0,0,0,1,30,0,0,12,0,0,0,0,0
249,3,58,135000,0,0,0,1,30,0,0,11,0,0,0,0,0
250,3,58,138000,0,0,0,1,30,0,0,12,0,0,0,0,0
1,4,41,565000,60,0,0,0,40,0,0,9,0,0,0,0,0
2,4,21,424000,180,0,0,1,40,0,0,1,0,0,0,0,0
3,4,29,610000,240,0,0,0,40,0,0,1,0,0,0,0,0
4,4,21,361000,60,0,0,1,40,0,0,10,0,0,0,0,0
5,4,60,406000,312,0,0,0,40,0,0,8,0,0,0,0,0
6,4,37,480000,156,0,0,1,40,0,0,9,0,0,0,0,0
7,4,22,702000,132,0,0,0,40,0,0,3,0,0,0,0,0
8,4,27,606000,360,0,0,0,40,0,0,1,0,0,0,0,0
9,4,34,371000,60,0,0,1,40,0,0,4,0,0,0,0,0
10,4,46,348000,132,0,0,0,40,0,0,4,0,0,0,0,0
11,4,29,680000,180,0,0,1,40,0,0,6,0,0,0,0,0
12,4,21,224000,180,0,0,0,40,0,0,3,0,0,0,0,0
13,4,54,440000,216,0,0,0,40,0,0,8,0,0,0,0,0
14,4,44,606000,252,0,0,0,40,0,0,10,0,0,0,0,0
15,4,60,701000,60,0,0,0,40,0,0,4,0,0,0,0,0
16,4,58,707000,168,0,0,1,40,0,0,7,0,0,0,0,0
17,4,43,596000,276,0,0,0,40,0,0,2,0,0,0,0,0
18,4,48,394000,240,0,0,0,40,0,0,12,0,0,0,0,0
19,4,36,535000,60,0,0,0,40,0,0,6,0,0,0,0,0
20,4,31,519000,60,0,0,0,40,0,0,10,0,0,0,0,0
21,4,49,488000,216,0,0,0,40,0,0,12,0,0,0,0,0
22,4,32,517000,228,0,0,1,40,0,0,9,0,0,0,0,0
23,4,43,483000,240,0,0,0,40,0,0,11,0,0,0,0,0
24,4,31,568000,324,0,0,0,40,0,0,7,0,0,0,0,0
25,4,51,451000,144,0,0,0,40,0,0,5,0,0,0,0,0
26,4,46,484000,156,0,0,0,40,0,0,10,0,0,0,0,0
27,4,41,445000,288,0,0,1,40,0,0,9,0,0,0,0,0
28,4,43,658000,144,0,0,0,40,0,0,1,0,0,0,0,0
29,4,41,249000,288,0,0,0,40,0,0,2,0,0,0,0,0
30,4,47,579000,252,0,0,0,40,0,0,6,0,0,0,0,0
31,4,59,423000,60,0,0,1,40,0,0,2,0,0,0,0,0
32,4,44,487000,240,0,0,1,40,0,0,2,0,0,0,0,0
33,4,26,490000,216,0,0,1,40,0,0,6,0,0,0,0,0
34,4,22,464000,108,0,0,1,40,0,0,8,0,0,0,0,0
35,4,28,369000,252,0,0,0,40,0,0,7,0,0,0,0,0
36,4,52,710000,132,0,0,0,40,0,0,6,0,0,0,0,0
37,4,37,663000,312,0,0,1,40,0,0,11,0,0,0,0,0
38,4,57,686000,276,0,0,0,40,0,0,12,0,0,0,0,0
39,4,39,727000,228,0,0,1,40,0,0,2,0,0,0,0,0
40,4,55,516000,324,0,0,0,40,0,0,8,0,0,0,0,0
41,4,32,498000,216,0,0,0,40,0,0,9,0,0,0,0,0
42,4,39,557000,264,0,0,0,40,0,0,4,0,0,0,0,0
43,4,27,502000,60,0,0,0,40,0,0,1,0,0,0,0,0
44,4,30,502000,180,0,0,1,40,0,0,4,0,0,0,0,0
45,4,44,692000,120,0,0,0,40,0,0,9,0,0,0,0,0
46,4,36,245000,408,0,0,1,40,0,0,3,0,0,0,0,0
47,4,44,251000,132,0,0,1,40,0,0,5,0,0,0,0,0
48,4,43,471000,72,0,0,1,40,0,0,2,0,0,0,0,0
49,4,43,456000,192,0,0,0,40,0,0,10,0,0,0,0,0
50,4,21,513000,204,0,0,0,40,0,0,12,0,0,0,0,0
51,4,54,336000,240,0,0,0,40,0,0,10,0,0,0,0,0
52,4,50,252000,396,0,0,0,40,0,0,3,0,0,0,0,0
53,4,31,785000,216,0,0,0,40,0,0,11,0,0,0,0,0
54,4,51,519000,336,0,0,1,40,0,0,12,0,0,0,0,0
55,4,55,628000,108,0,0,1,40,0,0,12,0,0,0,0,0
56,4,34,519000,144,0,0,1,40,0,0,4,0,0,0,0,0
57,4,42,881000,240,0,0,0,40,0,0,10,0,0,0,0,0
58,4,49,623000,192,0,0,0,40,0,0,12,0,0,0,0,0
59,4,28,415000,192,0,0,1,40,0,0,2,0,0,0,0,0
60,4,34,522000,60,0,0,0,40,0,0,12,0,0,0,0,0
61,4,40,429000,60,0,0,0,40,0,0,5,0,0,0,0,0
62,4,31,503000,240,0,0,0,40,0,0,2,0,0,0,0,0
63,4,41,749000,264,0,0,1,40,0,0,5,0,0,0,0,0
64,4,31,386000,372,0,0,1,40,0,0,4,0,0,0,0,0
65,4,60,145000,156,0,0,1,40,0,0,2,0,0,0,0,0
66,4,38,601000,180,0,0,0,40,0,0,7,0,0,0,0,0
67,4,58,335000,396,0,0,1,40,0,0,6,0,0,0,0,0
68,4,25,458000,96,0,0,0,40,0,0,2,0,0,0,0,0
69,4,43,793000,180,0,0,1,40,0,0,8,0,0,0,0,0
70,4,31,488000,144,0,0,0,40,0,0,9,0,0,0,0,0
71,4,37,377000,204,0,0,0,40,0,0,6,0,0,0,0,0
72,4,42,363000,144,0,0,0,40,0,0,1,0,0,0,0,0
73,4,58,623000,156,0,0,1,40,0,0,12,0,0,0,0,0
74,4,38,484000,252,0,0,1,40,0,0,2,0,0,0,0,0
75,4,52,746000,180,0,0,0,40,0,0,6,0,0,0,0,0
76,4,52,625000,60,0,0,0,40,0,0,8,0,0,0,0,0
77,4,33,846000,264,0,0,1,40,0,0,2,0,0,0,0,0
78,4,43,321000,108,0,0,0,40,0,0,7,0,0,0,0,0
79,4,52,450000,252,0,0,1,40,0,0,1,0,0,0,0,0
80,4,60,453000,252,0,0,0,40,0,0,10,0,0,0,0,0
81,4,28,571000,60,0,0,0,40,0,0,4,0,0,0,0,0
82,4,54,658000,96,0,0,0,40,0,0,10,0,0,0,0,0
83,4,37,520000,252,0,0,1,40,0,0,3,0,0,0,0,0
84,4,30,977000,240,0,0,0,40,0,0,7,0,0,0,0,0
85,4,26,632000,216,0,0,1,40,0,0,5,0,0,0,0,0
86,4,43,397000,180,0,0,1,40,0,0,6,0,0,0,0,0
87,4,58,388000,180,0,0,1,40,0,0,5,0,0,0,0,0
88,4,42,444000,216,0,0,1,40,0,0,9,0,0,0,0,0
89,4,45,413000,60,0,0,0,40,0,0,8,0,0,0,0,0
90,4,49,281000,144,0,0,0,40,0,0,4,0,0,0,0,0
91,4,54,392000,288,0,0,0,40,0,0,6,0,0,0,0,0
92,4,46,603000,276,0,0,1,40,0,0,12,0,0,0,0,0
93,4,22,481000,60,0,0,1,40,0,0,8,0,0,0,0,0
94,4,28,411000,60,0,0,0,40,0,0,10,0,0,0,0,0
95,4,41,552000,60,0,0,0,40,0,0,1,0,0,0,0,0
96,4,33,585000,252,0,0,0,40,0,0,12,0,0,0,0,0
97,4,42,587000,96,0,0,0,40,0,0,6,0,0,0,0,0
98,4,34,424000,300,0,0,1,40,0,0,1,0,0,0,0,0
99,4,31,205000,60,0,0,0,40,0,0,10,0,0,0,0,0
100,4,56,358000,180,0,0,0,40,0,0,9,0,0,0,0,0
101,4,46,665000,60,0,0,0,40,0,0,3,0,0,0,0,0
102,4,29,688000,108,0,0,0,40,0,0,6,0,0,0,0,0
103,4,21,602000,204,0,0,1,40,0,0,4,0,0,0,0,0
104,4,28,452000,288,0,0,0,40,0,0,1,0,0,0,0,0
105,4,21,363000,252,0,0,0,40,0,0,3,0,0,0,0,0
106,4,22,650000,108,0,0,0,40,0,0,10,0,0,0,0,0
107,4,43,301000,180,0,0,0,40,0,0,2,0,0,0,0,0
108,4,41,660000,144,0,0,1,40,0,0,5,0,0,0,0,0
109,4,57,631000,204,0,0,0,40,0,0,5,0,0,0,0,0
110,4,46,508000,144,0,0,0,40,0,0,4,0,0,0,0,0
111,4,42,369000,60,0,0,0,40,0,0,6,0,0,0,0,0
112,4,39,378000,192,0,0,1,40,0,0,11,0,0,0,0,0
113,4,38,536000,228,0,0,1,40,0,0,5,0,0,0,0,0
114,4,48,343000,60,0,0,0,40,0,0,8,0,0,0,0,0
115,4,48,544000,216,0,0,1,40,0,0,6,0,0,0,0,0
116,4,36,525000,72,0,0,1,40,0,0,1,0,0,0,0,0
117,4,38,506000,252,0,0,1,40,0,0,8,0,0,0,0,0
118,4,21,491000,60,0,0,0,40,0,0,8,0,0,0,0,0
119,4,40,346000,324,0,0,1,40,0,0,8,0,0,0,0,0
120,4,60,337000,60,0,0,0,40,0,0,3,0,0,0,0,0
121,4,21,377000,60,0,0,0,40,0,0,8,0,0,0,0,0
122,4,60,768000,264,0,0,0,40,0,0,2,0,0,0,0,0
123,4,21,561000,60,0,0,1,40,0,0,4,0,0,0,0,0
124,4,37,374000,72,0,0,0,40,0,0,10,0,0,0,0,0
125,4,33,311000,120,0,0,1,40,0,0,11,0,0,0,0,0
126,4,21,602000,324,0,0,0,40,0,0,7,0,0,0,0,0
127,4,46,470000,60,0,0,0,40,0,0,10,0,0,0,0,0
128,4,22,431000,204,0,0,0,40,0,0,4,0,0,0,0,0
129,4,40,309000,192,0,0,0,40,0,0,7,0,0,0,0,0
130,4,51,376000,156,0,0,0,40,0,0,3,0,0,0,0,0
131,4,35,488000,96,0,0,0,40,0,0,4,0,0,0,0,0
132,4,51,594000,156,0,0,0,40,0,0,3,0,0,0,0,0
133,4,32,645000,516,0,0,1,40,0,0,1,0,0,0,0,0
134,4,38,469000,480,0,0,0,40,0,0,8,0,0,0,0,0
135,4,21,790000,456,0,0,0,40,0,0,3,0,0,0,0,0
136,4,60,377000,132,0,0,0,40,0,0,5,0,0,0,0,0
137,4,38,357000,204,0,0,1,40,0,0,10,0,0,0,0,0
138,4,45,548000,240,0,0,0,40,0,0,7,0,0,0,0,0
139,4,42,224000,468,0,0,0,40,0,0,11,0,0,0,0,0
140,4,31,449000,144,0,0,0,40,0,0,11,0,0,0,0,0
141,4,51,745000,276,0,0,0,40,0,0,6,0,0,0,0,0
142,4,51,507000,348,0,0,0,40,0,0,12,0,0,0,0,0
143,4,60,545000,228,0,0,1,40,0,0,7,0,0,0,0,0
144,4,21,478000,168,0,0,0,40,0,0,7,0,0,0,0,0
145,4,27,469000,168,0,0,0,40,0,0,10,0,0,0,0,0
146,4,50,313000,60,0,0,1,40,0,0,6,0,0,0,0,0
147,4,26,321000,204,0,0,1,40,0,0,10,0,0,0,0,0
148,4,59,194000,60,0,0,0,40,0,0,11,0,0,0,0,0
149,4,46,579000,180,0,0,0,40,0,0,5,0,0,0,0,0
150,4,44,573000,120,0,0,0,40,0,0,4,0,0,0,0,0
151,4,31,464000,336,0,0,0,40,0,0,1,0,0,0,0,0
152,4,28,405000,96,0,0,1,40,0,0,10,0,0,0,0,0
153,4,30,667000,168,0,0,0,40,0,0,4,0,0,0,0,0
154,4,30,836000,60,0,0,1,40,0,0,1,0,0,0,0,0
155,4,41,330000,60,0,0,0,40,0,0,9,0,0,0,0,0
156,4,34,637000,192,0,0,0,40,0,0,11,0,0,0,0,0
157,4,49,534000,180,0,0,0,40,0,0,3,0,0,0,0,0
158,4,39,187000,84,0,0,0,40,0,0,9,0,0,0,0,0
159,4,47,303000,204,0,0,1,40,0,0,8,0,0,0,0,0
160,4,25,611000,276,0,0,0,40,0,0,3,0,0,0,0,0
161,4,42,779000,312,0,0,0,40,0,0,4,0,0,0,0,0
162,4,44,392000,228,0,0,0,40,0,0,7,0,0,0,0,0
163,4,53,908000,60,0,0,0,40,0,0,3,0,0,0,0,0
164,4,34,470000,420,0,0,1,40,0,0,2,0,0,0,0,0
165,4,21,591000,240,0,0,1,40,0,0,2,0,0,0,0,0
166,4,34,771000,336,0,0,1,40,0,0,1,0,0,0,0,0
167,4,37,616000,288,0,0,0,40,0,0,2,0,0,0,0,0
168,4,38,568000,60,0,0,0,40,0,0,3,0,0,0,0,0
169,4,33,483000,60,0,0,0,40,0,0,9,0,0,0,0,0
170,4,45,604000,96,0,0,1,40,0,0,11,0,0,0,0,0
171,4,34,325000,192,0,0,1,40,0,0,5,0,0,0,0,0
172,4,28,252000,300,0,0,1,40,0,0,8,0,0,0,0,0
173,4,34,563000,84,0,0,1,40,0,0,8,0,0,0,0,0
174,4,46,353000,60,0,0,1,40,0,0,8,0,0,0,0,0
175,4,39,592000,216,0,0,1,40,0,0,9,0,0,0,0,0
176,4,34,467000,192,0,0,0,40,0,0,1,0,0,0,0,0
177,4,44,667000,60,0,0,1,40,0,0,12,0,0,0,0,0
178,4,42,201000,60,0,0,0,40,0,0,1,0,0,0,0,0
179,4,34,349000,264,0,0,1,40,0,0,4,0,0,0,0,0
180,4,33,578000,228,0,0,1,40,0,0,10,0,0,0,0,0
181,4,24,412000,360,0,0,0,40,0,0,9,0,0,0,0,0
182,4,39,640000,120,0,0,1,40,0,0,2,0,0,0,0,0
183,4,30,359000,60,0,0,0,40,0,0,1,0,0,0,0,0
184,4,23,734000,192,0,0,1,40,0,0,9,0,0,0,0,0
185,4,44,444000,276,0,0,1,40,0,0,3,0,0,0,0,0
186,4,60,382000,240,0,0,1,40,0,0,2,0,0,0,0,0
187,4,44,626000,252,0,0,0,40,0,0,1,0,0,0,0,0
188,4,45,611000,72,0,0,0,40,0,0,12,0,0,0,0,0
189,4,38,556000,204,0,0,0,40,0,0,5,0,0,0,0,0
190,4,36,721000,72,0,0,1,40,0,0,9,0,0,0,0,0
191,4,47,630000,108,0,0,1,40,0,0,1,0,0,0,0,0
192,4,51,663000,180,0,0,0,40,0,0,6,0,0,0,0,0
193,4,41,951000,324,0,0,1,40,0,0,12,0,0,0,0,0
194,4,38,512000,324,0,0,1,40,0,0,2,0,0,0,0,0
195,4,48,421000,300,0,0,0,40,0,0,10,0,0,0,0,0
196,4,42,595000,372,0,0,0,40,0,0,10,0,0,0,0,0
197,4,21,534000,264,0,0,0,40,0,0,5,0,0,0,0,0
198,4,25,479000,84,0,0,1,40,0,0,2,0,0,0,0,0
199,4,44,275000,252,0,0,1,40,0,0,1,0,0,0,0,0
200,4,45,305000,120,0,0,1,40,0,0,3,0,0,0,0,0
201,4,43,696000,288,0,0,0,40,0,0,8,0,0,0,0,0
202,4,24,745000,192,0,0,1,40,0,0,8,0,0,0,0,0
203,4,40,495000,144,0,0,1,40,0,0,4,0,0,0,0,0
204,4,58,492000,444,0,0,0,40,0,0,10,0,0,0,0,0
205,4,43,711000,72,0,0,0,40,0,0,9,0,0,0,0,0
206,4,42,347000,60,0,0,0,40,0,0,6,0,0,0,0,0
207,4,41,445000,120,0,0,0,40,0,0,12,0,0,0,0,0
208,4,32,431000,216,0,0,1,40,0,0,1,0,0,0,0,0
209,4,30,407000,84,0,0,1,40,0,0,3,0,0,0,0,0
210,4,60,727000,60,0,0,1,40,0,0,7,0,0,0,0,0
211,4,41,319000,180,0,0,1,40,0,0,1,0,0,0,0,0
212,4,60,399000,84,0,0,0,40,0,0,1,0,0,0,0,0
213,4,46,264000,144,0,0,1,40,0,0,8,0,0,0,0,0
214,4,32,463000,168,0,0,1,40,0,0,2,0,0,0,0,0
215,4,37,313000,108,0,0,1,40,0,0,11,0,0,0,0,0
216,4,23,496000,192,0,0,1,40,0,0,1,0,0,0,0,0
217,4,40,585000,72,0,0,0,40,0,0,12,0,0,0,0,0
218,4,29,406000,60,0,0,1,40,0,0,11,0,0,0,0,0
219,4,35,510000,252,0,0,0,40,0,0,12,0,0,0,0,0
220,4,43,403000,144,0,0,0,40,0,0,5,0,0,0,0,0
221,4,34,381000,60,0,0,0,40,0,0,4,0,0,0,0,0
222,4,41,449000,324,0,0,0,40,0,0,1,0,0,0,0,0
223,4,29,448000,156,0,0,0,40,0,0,12,0,0,0,0,0
224,4,45,474000,360,0,0,1,40,0,0,9,0,0,0,0,0
225,4,35,543000,348,0,0,0,40,0,0,7,0,0,0,0,0
226,4,50,351000,192,0,0,1,40,0,0,1,0,0,0,0,0
227,4,40,468000,204,0,0,0,40,0,0,5,0,0,0,0,0
228,4,21,546000,156,0,0,1,40,0,0,12,0,0,0,0,0
229,4,47,477000,192,0,0,1,40,0,0,11,0,0,0,0,0
230,4,28,540000,252,0,0,1,40,0,0,9,0,0,0,0,0
231,4,42,701000,180,0,0,0,40,0,0,5,0,0,0,0,0
232,4,23,268000,108,0,0,0,40,0,0,12,0,0,0,0,0
233,4,37,442000,180,0,0,1,40,0,0,12,0,0,0,0,0
234,4,37,580000,348,0,0,0,40,0,0,3,0,0,0,0,0
235,4,41,283000,216,0,0,0,40,0,0,1,0,0,0,0,0
236,4,35,555000,60,0,0,0,40,0,0,4,0,0,0,0,0
237,4,27,405000,156,0,0,1,40,0,0,11,0,0,0,0,0
238,4,36,755000,468,0,0,0,40,0,0,9,0,0,0,0,0
239,4,47,577000,216,0,0,0,40,0,0,10,0,0,0,0,0
240,4,31,580000,132,0,0,1,40,0,0,2,0,0,0,0,0
241,4,60,452000,252,0,0,1,40,0,0,10,0,0,0,0,0
242,4,21,570000,84,0,0,1,40,0,0,10,0,0,0,0,0
243,4,37,350000,276,0,0,1,40,0,0,12,0,0,0,0,0
244,4,30,777000,204,0,0,0,40,0,0,7,0,0,0,0,0
245,4,42,413000,132,0,0,0,40,0,0,5,0,0,0,0,0
246,4,40,357000,312,0,0,0,40,0,0,9,0,0,0,0,0
247,4,25,712000,144,0,0,0,40,0,0,7,0,0,0,0,0
248,4,21,466000,192,0,0,1,40,0,0,7,0,0,0,0,0
249,4,32,282000,180,0,0,1,40,0,0,8,0,0,0,0,0
250,4,53,426000,348,0,0,0,40,0,0,6,0,0,0,0,0
